Cluster	ID	Description	GeneRatio	BgRatio	RichFactor	FoldEnrichment	zScore	pvalue	p.adjust	qvalue	geneID	Count
A	GO:0071456	cellular response to hypoxia	27/125	241/21192	0.11203319502074689	18.993659751037345	21.639889134327596	5.054775484281728e-27	1.0635496227788466e-24	7.967997592441709e-25	CMI1/CBP1/AtXTH22/NA/CYP707A3/EXL1/AthCYSTM6/NA/NA/atnudt4/AtRAV1/NA/AtC3H47/NA/AtZAT12/AtTEM1/DIC2/STZ/NA/HRM1/SRO5/TN3/DVL10/ATL23/AtPDC1/NA/NA	27
A	GO:0036294	cellular response to decreased oxygen levels	27/125	243/21192	0.1111111111111111	18.837333333333333	21.541741063071736	6.343238306832088e-27	1.0635496227788466e-24	7.967997592441709e-25	CMI1/CBP1/AtXTH22/NA/CYP707A3/EXL1/AthCYSTM6/NA/NA/atnudt4/AtRAV1/NA/AtC3H47/NA/AtZAT12/AtTEM1/DIC2/STZ/NA/HRM1/SRO5/TN3/DVL10/ATL23/AtPDC1/NA/NA	27
A	GO:0071453	cellular response to oxygen levels	27/125	243/21192	0.1111111111111111	18.837333333333333	21.541741063071736	6.343238306832088e-27	1.0635496227788466e-24	7.967997592441709e-25	CMI1/CBP1/AtXTH22/NA/CYP707A3/EXL1/AthCYSTM6/NA/NA/atnudt4/AtRAV1/NA/AtC3H47/NA/AtZAT12/AtTEM1/DIC2/STZ/NA/HRM1/SRO5/TN3/DVL10/ATL23/AtPDC1/NA/NA	27
A	GO:0001666	response to hypoxia	27/125	271/21192	0.0996309963099631	16.891040590405904	20.28033605966351	1.2469749198476856e-25	1.5680709617084646e-23	1.1747816350143985e-23	CMI1/CBP1/AtXTH22/NA/CYP707A3/EXL1/AthCYSTM6/NA/NA/atnudt4/AtRAV1/NA/AtC3H47/NA/AtZAT12/AtTEM1/DIC2/STZ/NA/HRM1/SRO5/TN3/DVL10/ATL23/AtPDC1/NA/NA	27
A	GO:0036293	response to decreased oxygen levels	27/125	275/21192	0.09818181818181818	16.645352727272726	20.11552594284709	1.8559765221306838e-25	1.7168651965013653e-23	1.286256650303419e-23	CMI1/CBP1/AtXTH22/NA/CYP707A3/EXL1/AthCYSTM6/NA/NA/atnudt4/AtRAV1/NA/AtC3H47/NA/AtZAT12/AtTEM1/DIC2/STZ/NA/HRM1/SRO5/TN3/DVL10/ATL23/AtPDC1/NA/NA	27
A	GO:0070482	response to oxygen levels	27/125	276/21192	0.09782608695652174	16.58504347826087	20.074864715749587	2.0479505326060025e-25	1.7168651965013653e-23	1.286256650303419e-23	CMI1/CBP1/AtXTH22/NA/CYP707A3/EXL1/AthCYSTM6/NA/NA/atnudt4/AtRAV1/NA/AtC3H47/NA/AtZAT12/AtTEM1/DIC2/STZ/NA/HRM1/SRO5/TN3/DVL10/ATL23/AtPDC1/NA/NA	27
A	GO:0009611	response to wounding	15/125	274/21192	0.05474452554744526	9.28116788321168	10.627623876266036	8.183426368313838e-11	5.880376376088373e-9	4.4055137441448926e-9	ACS6/NA/JAZ7/ERF018/ATBT4/CYP94B3/ATBT2/AtZAT12/BAP1/STZ/ATLOX4/ATEXT1/AtCAF1a/KFB20/ATWRKY40	15
A	GO:0009733	response to auxin	15/125	390/21192	0.038461538461538464	6.520615384615385	8.476110961677314	1.0373897895339912e-8	6.522588301694969e-7	4.886651903331169e-7	AtCML24/ACS6/CMI1/ATMYB73/AtXTH22/MYB77/TET8/ERF109/ATBT4/ATMYB44/ATBT2/IAA6/AUR3/ATCCD8/BT5	15
A	GO:0009751	response to salicylic acid	10/125	197/21192	0.050761421319796954	8.605888324873096	8.261416214714316	2.69206573714588e-7	1.5045656286493084e-5	1.1272041332142981e-5	DREB26/ATBT4/ATMYB44/ATBT2/BAP1/MATI/ATEXT1/BT5/ATWRKY40/ATWRKY18	10
A	GO:0016115	terpenoid catabolic process	4/125	18/21192	0.2222222222222222	37.67466666666667	11.990308522250235	3.310850226805947e-6	1.6653576640833913e-4	1.247667769680557e-4	ERF58/CYP707A3/ERF55/ATCCD8	4
A	GO:0002213	defense response to insect	5/125	46/21192	0.10869565217391304	18.42782608695652	9.1145955894274735	7.440623244621551e-6	3.402394083676945e-4	2.549036479975612e-4	PLIP2/ERF018/CYP94B3/MATI/AtCAF1a	5
A	GO:0009753	response to jasmonic acid	9/125	230/21192	0.0391304347826087	6.634017391304348	6.617517943200305	9.17657669080035e-6	3.623367917362909e-4	2.7145876622704224e-4	ACS6/DREB26/JAZ7/ATBT4/ATMYB44/ATBT2/MATI/ATEXT1/ATST2A	9
A	GO:0008300	isoprenoid catabolic process	4/125	23/21192	0.17391304347826086	29.484521739130432	10.528149980561022	9.364569170122826e-6	3.623367917362909e-4	2.7145876622704224e-4	ERF58/CYP707A3/ERF55/ATCCD8	4
A	GO:0070542	response to fatty acid	9/125	234/21192	0.038461538461538464	6.520615384615385	6.541086414872876	1.0536715003443651e-5	3.7856911762372547e-4	2.8361984746111483e-4	ACS6/DREB26/JAZ7/ATBT4/ATMYB44/ATBT2/MATI/ATEXT1/ATST2A	9
A	GO:0009620	response to fungus	11/125	387/21192	0.028423772609819122	4.818852713178295	5.8402833187534995	1.8859403120513726e-5	6.324186513078936e-4	4.738011450627308e-4	ERF58/CBP1/NA/ERF109/ERF104/ATMYB44/NA/NA/LTI30/ATWRKY40/ATWRKY18	11
A	GO:0080134	regulation of response to stress	12/125	477/21192	0.025157232704402517	4.265056603773585	5.5556748451905165	2.6022856488077183e-5	8.180935508439265e-4	6.129067514955021e-4	ATMYB73/AtDTX50/PLIP2/JAZ7/ATMYB44/BAP1/MATI/NA/AthCYSTM3/ATWRKY40/IDL7/ATWRKY18	12
A	GO:0006979	response to oxidative stress	11/125	425/21192	0.02588235294117647	4.3879905882352945	5.434744896495099	4.434963422343492e-5	0.001312227412611045	9.831064428476595e-4	AtCML24/ACS6/ATBT4/GATL10/ATBT2/AtZAT12/STZ/ATLOX4/BT5/RMG1/IDL7	11
A	GO:0000302	response to reactive oxygen species	7/125	165/21192	0.04242424242424243	7.192436363636364	6.15097910389468	5.637574158512257e-5	0.001575388778739814	0.0011802640635949636	AtCML24/ATBT4/ATBT2/ATLOX4/BT5/RMG1/IDL7	7
A	GO:0009734	auxin-activated signaling pathway	6/125	115/21192	0.05217391304347826	8.845356521739129	6.4981030054563265	6.215086308340788e-5	0.0015865060985672777	0.0011885930381648748	ATMYB73/MYB77/TET8/ERF109/ATMYB44/ATBT2	6
A	GO:0009409	response to cold	11/125	442/21192	0.024886877828054297	4.219221719457013	5.268443875810717	6.308175342215816e-5	0.0015865060985672777	0.0011885930381648748	AtCML24/ERF58/AtXTH22/DREB26/ATCBF2/ATBT2/AtZAT12/BAP1/STZ/LTI30/BT5	11
A	GO:0042542	response to hydrogen peroxide	5/125	77/21192	0.06493506493506493	11.008831168831168	6.777391409794107	9.269359343423372e-5	0.002220232261781884	0.0016633737568649458	AtCML24/ATBT4/ATBT2/BT5/IDL7	5
A	GO:0010087	phloem or xylem histogenesis	6/125	130/21192	0.046153846153846156	7.824738461538462	6.012253301405275	1.2259189026782562e-4	0.002802896400214377	0.0020998993643962477	ACS6/ERF018/ERF109/ERF104/ATERF11/AtERF#100	6
A	GO:0071365	cellular response to auxin stimulus	6/125	139/21192	0.04316546762589928	7.318100719424462	5.756603725363075	1.7681711895510362e-4	0.003848376470163789	0.0028831616120511385	ATMYB73/MYB77/TET8/ERF109/ATMYB44/ATBT2	6
A	GO:0010928	regulation of auxin mediated signaling pathway	4/125	48/21192	0.08333333333333333	14.128	7.013826139683138	1.836203484769999e-4	0.003848376470163789	0.0028831616120511385	ATMYB73/MYB77/ERF109/ATMYB44	4
A	GO:0050832	defense response to fungus	8/125	275/21192	0.02909090909090909	4.931956363636363	5.055390672080897	2.3063156140185545e-4	0.004640307015405332	0.0034764673255521785	CBP1/ERF109/ERF104/ATMYB44/NA/LTI30/ATWRKY40/ATWRKY18	8
A	GO:0031667	response to nutrient levels	8/125	295/21192	0.02711864406779661	4.597586440677966	4.793024610569179	3.693790521114267e-4	0.0071460639696941395	0.005353753062991528	SDI2/ATBZIP53/MRF4/NA/BHLH101/ATSDI1/AtPDC1/NA	8
A	GO:0006714	sesquiterpenoid metabolic process	4/125	60/21192	0.06666666666666667	11.3024	6.155638631813461	4.35752425039387e-4	0.008117906288696729	0.006081846712050704	ERF58/CYP707A3/ERF55/ATCCD8	4
A	GO:0010411	xyloglucan metabolic process	4/125	62/21192	0.06451612903225806	10.937806451612904	6.03623327425775	4.939884321735763e-4	0.008874149335118176	0.006648415741283472	AtXTH22/XTH23/ATXT1/XTH30	4
A	GO:0009415	response to water	10/125	475/21192	0.021052631578947368	3.569178947368421	4.362215444259958	5.192342423568315e-4	0.009006028410534009	0.006747218103947211	ERF58/ACS6/AtDTX50/AtLtpI-5/CYP707A3/DEWAX/ATMYB44/STZ/ERF55/LTI30	10
A	GO:0009612	response to mechanical stimulus	3/125	28/21192	0.10714285714285714	18.164571428571428	7.000716455627498	5.892277847877606e-4	0.009879385858274786	0.007401527963298887	AtCML24/ACS6/AtXTH22	3
A	GO:0010584	pollen exine formation	3/125	33/21192	0.09090909090909091	15.412363636363636	6.382252711166779	9.604646551558936e-4	0.015584313598174662	0.011675597505799995	LAP6/PGF11/ATLAP3	3
A	GO:0062012	regulation of small molecule metabolic process	5/125	129/21192	0.03875968992248062	6.571162790697675	4.8888867238792075	0.0010121515273178758	0.01590975682002786	0.011919416012493404	ERF58/SDI2/ERF109/ERF55/ATSDI1	5
A	GO:0120254	olefinic compound metabolic process	4/125	80/21192	0.05	8.4768	5.160900108474985	0.0012908585359930214	0.019675813442560298	0.014740904493955395	ERF58/ACS6/CYP707A3/ERF55	4
A	GO:1902932	positive regulation of alcohol biosynthetic process	2/125	10/21192	0.2	33.9072	8.017460583832406	0.0015058134056311347	0.022155820838321228	0.016598898943432038	ERF58/ERF55	2
A	GO:0009414	response to water deprivation	9/125	461/21192	0.019522776572668113	3.3098134490238613	3.8623055414631398	0.001667898845928285	0.022155820838321228	0.016598898943432038	ERF58/ACS6/AtDTX50/AtLtpI-5/CYP707A3/DEWAX/ATMYB44/STZ/LTI30	9
A	GO:0016106	sesquiterpenoid biosynthetic process	3/125	40/21192	0.075	12.7152	5.7125941207989115	0.0016877939260933337	0.022155820838321228	0.016598898943432038	ERF58/ERF55/ATCCD8	3
A	GO:0016054	organic acid catabolic process	5/125	145/21192	0.034482758620689655	5.846068965517241	4.5103254016941206	0.0017002716156830303	0.022155820838321228	0.016598898943432038	ERF58/CYP707A3/NA/ERF55/AtPDC1	5
A	GO:0046395	carboxylic acid catabolic process	5/125	145/21192	0.034482758620689655	5.846068965517241	4.5103254016941206	0.0017002716156830303	0.022155820838321228	0.016598898943432038	ERF58/CYP707A3/NA/ERF55/AtPDC1	5
A	GO:0042742	defense response to bacterium	9/125	463/21192	0.019438444924406047	3.295516198704104	3.846901498345587	0.0017178469437266956	0.022155820838321228	0.016598898943432038	NHL13/TET8/ATMYB44/ATEXT1/AtCAF1a/NA/ATWRKY40/IDL7/ATWRKY18	9
A	GO:0016103	diterpenoid catabolic process	2/125	11/21192	0.18181818181818182	30.824727272727273	7.6212986111710785	0.0018333423151994772	0.022491980110861877	0.016850745798239097	ERF58/ERF55	2
A	GO:0045487	gibberellin catabolic process	2/125	11/21192	0.18181818181818182	30.824727272727273	7.6212986111710785	0.0018333423151994772	0.022491980110861877	0.016850745798239097	ERF58/ERF55	2
A	GO:0009408	response to heat	7/125	300/21192	0.023333333333333334	3.9558400000000002	3.9717410478933775	0.0020439012598091255	0.024319165634219753	0.018219653232291872	AtCML24/AtXTH22/DREB26/ATMYB44/AtZAT12/BAP1/ERF105	7
A	GO:0010439	regulation of glucosinolate biosynthetic process	2/125	12/21192	0.16666666666666666	28.256	7.274768042619019	0.0021915319264293083	0.024319165634219753	0.018219653232291872	SDI2/ATSDI1	2
A	GO:0009687	abscisic acid metabolic process	3/125	44/21192	0.06818181818181818	11.559272727272726	5.400762494907333	0.002224019123606578	0.024319165634219753	0.018219653232291872	ERF58/CYP707A3/ERF55	3
A	GO:0043288	apocarotenoid metabolic process	3/125	44/21192	0.06818181818181818	11.559272727272726	5.400762494907333	0.002224019123606578	0.024319165634219753	0.018219653232291872	ERF58/CYP707A3/ERF55	3
A	GO:1902644	tertiary alcohol metabolic process	3/125	44/21192	0.06818181818181818	11.559272727272726	5.400762494907333	0.002224019123606578	0.024319165634219753	0.018219653232291872	ERF58/CYP707A3/ERF55	3
A	GO:0042594	response to starvation	6/125	236/21192	0.025423728813559324	4.3102372881355935	3.939039335192827	0.0027916933221604164	0.02987705832014233	0.022383565718553843	SDI2/ATBZIP53/MRF4/BHLH101/ATSDI1/AtPDC1	6
A	GO:0031347	regulation of defense response	7/125	326/21192	0.02147239263803681	3.640343558282209	3.7006586165116055	0.0032453352889181093	0.03400840938178769	0.025478728803348314	PLIP2/JAZ7/ATMYB44/BAP1/MATI/ATWRKY40/ATWRKY18	7
A	GO:0010208	pollen wall assembly	3/125	55/21192	0.05454545454545454	9.24741818181818	4.717447454991104	0.004203132282118636	0.04314643954909538	0.032324841181492404	LAP6/PGF11/ATLAP3	3
A	GO:0009615	response to virus	4/125	112/21192	0.03571428571428571	6.054857142857142	4.131540164034168	0.004387798325003469	0.043688492949219546	0.032730941667511976	GT61/AGO9/ATWRKY40/ATWRKY18	4
A	GO:0050688	regulation of defense response to virus	2/125	17/21192	0.11764705882352941	19.94541176470588	6.019302711415402	0.004429648390477528	0.043688492949219546	0.032730941667511976	ATWRKY40/ATWRKY18	2
A	GO:0010927	cellular component assembly involved in morphogenesis	3/125	58/21192	0.05172413793103448	8.769103448275862	4.563766689130168	0.0048805762089179465	0.046240615530258954	0.034642964026018006	LAP6/PGF11/ATLAP3	3
A	GO:0032989	cellular anatomical entity morphogenesis	3/125	58/21192	0.05172413793103448	8.769103448275862	4.563766689130168	0.0048805762089179465	0.046240615530258954	0.034642964026018006	LAP6/PGF11/ATLAP3	3
A	GO:0045828	positive regulation of isoprenoid metabolic process	2/125	18/21192	0.1111111111111111	18.837333333333333	5.831685719867071	0.004964201269650067	0.046240615530258954	0.034642964026018006	ERF58/ERF55	2
A	GO:0010115	regulation of abscisic acid biosynthetic process	2/125	19/21192	0.10526315789473684	17.8458947368421	5.658600960696373	0.005526910552039414	0.049596439259808806	0.03715711050541289	ERF58/ERF55	2
A	GO:0016042	lipid catabolic process	4/125	120/21192	0.03333333333333333	5.6512	3.9357920419358137	0.005598425319590134	0.049596439259808806	0.03715711050541289	ERF58/CYP707A3/ERF55/ATCCD8	4
A	GO:0120255	olefinic compound biosynthetic process	3/125	61/21192	0.04918032786885246	8.33783606557377	4.420814398657886	0.00562027244097237	0.049596439259808806	0.03715711050541289	ERF58/ACS6/ERF55	3
A	GO:0019760	glucosinolate metabolic process	4/125	121/21192	0.03305785123966942	5.604495867768596	3.912565163689967	0.00576387977640529	0.04998675047468726	0.03744952740386741	ATMYB73/SDI2/DEWAX/ATSDI1	4
B	GO:0036293	response to decreased oxygen levels	41/1410	275/21192	0.14909090909090908	2.2408046421663443	5.529301117755187	1.0050254157738164e-6	7.408970847807743e-4	6.877418667455825e-4	AtBBE3/DIN10/ATHSP101/CYP707A3/FBA6/ADH/NA/NA/ATEBP/NA/ATHSPRO2/ATSUS4/AtCML37/AtBBE6/HUP40/HUP26/HRA1/ALAAT2/TN8/SAUR78/ATHSFA2/HSP17.6II/ATEDS1/NA/CP12-3/ATPME1/AtPPsPase1/ANAC002/NA/WIP5/ATGA2OX2/CIPK25/NA/ATMBF1C/ATHSP17.4/TN3/IQM4/NA/NA/ATWRKY70/NA	41
B	GO:0070482	response to oxygen levels	41/1410	276/21192	0.14855072463768115	2.232685784767191	5.503231667397405	1.1060247643739294e-6	7.408970847807743e-4	6.877418667455825e-4	AtBBE3/DIN10/ATHSP101/CYP707A3/FBA6/ADH/NA/NA/ATEBP/NA/ATHSPRO2/ATSUS4/AtCML37/AtBBE6/HUP40/HUP26/HRA1/ALAAT2/TN8/SAUR78/ATHSFA2/HSP17.6II/ATEDS1/NA/CP12-3/ATPME1/AtPPsPase1/ANAC002/NA/WIP5/ATGA2OX2/CIPK25/NA/ATMBF1C/ATHSP17.4/TN3/IQM4/NA/NA/ATWRKY70/NA	41
B	GO:0001666	response to hypoxia	40/1410	271/21192	0.14760147601476015	2.21841877993248	5.389397211556863	1.755034063992227e-6	7.408970847807743e-4	6.877418667455825e-4	AtBBE3/DIN10/ATHSP101/CYP707A3/FBA6/ADH/NA/NA/ATEBP/NA/ATHSPRO2/ATSUS4/AtCML37/AtBBE6/HUP40/HUP26/HRA1/ALAAT2/TN8/SAUR78/ATHSFA2/HSP17.6II/ATEDS1/NA/ATPME1/AtPPsPase1/ANAC002/NA/WIP5/ATGA2OX2/CIPK25/NA/ATMBF1C/ATHSP17.4/TN3/IQM4/NA/NA/ATWRKY70/NA	40
B	GO:0036294	cellular response to decreased oxygen levels	37/1410	243/21192	0.1522633744855967	2.288486122055862	5.393260739714508	2.007851178267681e-6	7.408970847807743e-4	6.877418667455825e-4	AtBBE3/DIN10/ATHSP101/CYP707A3/FBA6/ADH/NA/NA/NA/ATHSPRO2/ATSUS4/AtCML37/AtBBE6/HUP40/HUP26/HRA1/TN8/SAUR78/ATHSFA2/HSP17.6II/NA/CP12-3/ATPME1/AtPPsPase1/ANAC002/NA/WIP5/ATGA2OX2/NA/ATMBF1C/ATHSP17.4/TN3/IQM4/NA/NA/ATWRKY70/NA	37
B	GO:0071453	cellular response to oxygen levels	37/1410	243/21192	0.1522633744855967	2.288486122055862	5.393260739714508	2.007851178267681e-6	7.408970847807743e-4	6.877418667455825e-4	AtBBE3/DIN10/ATHSP101/CYP707A3/FBA6/ADH/NA/NA/NA/ATHSPRO2/ATSUS4/AtCML37/AtBBE6/HUP40/HUP26/HRA1/TN8/SAUR78/ATHSFA2/HSP17.6II/NA/CP12-3/ATPME1/AtPPsPase1/ANAC002/NA/WIP5/ATGA2OX2/NA/ATMBF1C/ATHSP17.4/TN3/IQM4/NA/NA/ATWRKY70/NA	37
B	GO:0016053	organic acid biosynthetic process	60/1410	493/21192	0.12170385395537525	1.8291830305122783	4.973353920913972	4.295776626428351e-6	9.92211054645142e-4	9.210254662146033e-4	NA/CLE25/LKR/AK-HSDH/AtDAHP2/CBP60f/GGP/AtCLO3/AK-HSDH/ATNFXL1/FUS3/ARATH;BSAS3;1/DIN9/ADS3/NodGS/GME/BADC1/LACS2/THA1/ACS8/ADT3/ACX1/CRR1/FLU/AGT/ATCYSD2/ELO4/ADS2/ATATP-PRT1/AtCM3/ADS4.2/ADT1/IMS2/FAD4/TSB4/EDS5/ATSERAT3;2/3-PGDH/ATCIMS/NA/NA/FD-GOGAT/ATIMD2/NA/NA/NHL6/ATCS-C/DAPDC1/AAD2/ABA3/AtFAD8/SHM1/ALPHA-DOX1/ACP2/WRI4/AK3/ELO3/ATLOX1/AtNIT2/ADS4	60
B	GO:0046394	carboxylic acid biosynthetic process	60/1410	493/21192	0.12170385395537525	1.8291830305122783	4.973353920913972	4.295776626428351e-6	9.92211054645142e-4	9.210254662146033e-4	NA/CLE25/LKR/AK-HSDH/AtDAHP2/CBP60f/GGP/AtCLO3/AK-HSDH/ATNFXL1/FUS3/ARATH;BSAS3;1/DIN9/ADS3/NodGS/GME/BADC1/LACS2/THA1/ACS8/ADT3/ACX1/CRR1/FLU/AGT/ATCYSD2/ELO4/ADS2/ATATP-PRT1/AtCM3/ADS4.2/ADT1/IMS2/FAD4/TSB4/EDS5/ATSERAT3;2/3-PGDH/ATCIMS/NA/NA/FD-GOGAT/ATIMD2/NA/NA/NHL6/ATCS-C/DAPDC1/AAD2/ABA3/AtFAD8/SHM1/ALPHA-DOX1/ACP2/WRI4/AK3/ELO3/ATLOX1/AtNIT2/ADS4	60
B	GO:0071456	cellular response to hypoxia	36/1410	241/21192	0.14937759336099585	2.245113445749095	5.189974800582035	4.302270155642892e-6	9.92211054645142e-4	9.210254662146033e-4	AtBBE3/DIN10/ATHSP101/CYP707A3/FBA6/ADH/NA/NA/NA/ATHSPRO2/ATSUS4/AtCML37/AtBBE6/HUP40/HUP26/HRA1/TN8/SAUR78/ATHSFA2/HSP17.6II/NA/ATPME1/AtPPsPase1/ANAC002/NA/WIP5/ATGA2OX2/NA/ATMBF1C/ATHSP17.4/TN3/IQM4/NA/NA/ATWRKY70/NA	36
B	GO:0009408	response to heat	41/1410	300/21192	0.13666666666666666	2.0540709219858155	4.908972904297428	9.223251172113923e-6	0.0018907664902833542	0.0017551145797695148	AtREN1/NA/AT-HSFA8/HSC70-5/BBX18/HSP18.5/ATHSP101/GGP/NA/Hop3/AT-HSC70-1/HSP70-5/ATHS83/HSA32/AtERF48/cpHsc70-2/AtWIND1/ATEBP/GAPC-2/E13L3/ERF54/XBAT31/AtPIF4/ATHSFA2/HTT5/HSP17.6II/AT-HSFA6A/CP12-3/RPT2a/ATERDJ3A/ATCIPK14/ACD31.2/ATRBP47A/ABA3/HSP70-8/ATMBF1C/ARACIN2/ATMYB44/ATHSP17.4/ALDH5F1/AT-HSFA6B	41
B	GO:0032787	monocarboxylic acid metabolic process	57/1410	488/21192	0.1168032786885246	1.7555284269271016	4.507998617887036	2.4857074650250858e-5	0.0045861302729712835	0.004257101100627173	CLE25/LPD1/CBP60f/CYP707A3/FBA6/AtCLO3/ATNFXL1/DCF/FUS3/ADS3/NA/BADC1/LACS2/ACX1/ATSCP2/ATBG1/ELO4/GAPC-2/ADS2/ADS4.2/AAD1/FAD4/EDS5/UGT71B6/ATMES3/ALPHA/NA/IBR3/NA/NA/ATBI-1/NA/PGK1/PFK2/CER8/NA/NHL6/NA/ATNADP-ME1/AAD2/ABA3/AtFBA1/AtFAD8/ALPHA-DOX1/ACP2/CYP74B2/AtHPCL/WRI4/ATMES7/NA/ELO3/ATCAD7/NA/ALDH5F1/ATLOX1/AtNIT2/ADS4	57
B	GO:0006636	unsaturated fatty acid biosynthetic process	7/1410	16/21192	0.4375	6.575531914893617	5.956271924583597	3.813340261437918e-5	0.005947489694957942	0.0055207906054466245	AtCLO3/ADS3/ADS4.2/FAD4/NA/AAD2/ALPHA-DOX1	7
B	GO:0009070	serine family amino acid biosynthetic process	11/1410	40/21192	0.275	4.133191489361702	5.295310103103483	4.169259737818555e-5	0.005947489694957942	0.0055207906054466245	AK-HSDH/AK-HSDH/ARATH;BSAS3;1/THA1/AGT/ATCYSD2/ATSERAT3;2/3-PGDH/ATCS-C/SHM1/AK3	11
B	GO:0042742	defense response to bacterium	54/1410	463/21192	0.11663066954643629	1.7529341482468639	4.37329221898104	4.190643145498821e-5	0.005947489694957942	0.0055207906054466245	AtBBE3/CRK23/LecRK-VII.2/HAOX1/GGP/LecRK-VI.2/LecRK-S.6/AtCRT3/ATWRKY53/ATNFXL1/HSL2/PLDBETA/AtMYB28/ATWRKY27/AT-HSC70-1/ATTLP1/ATHS83/CRK31/ATWRKY48/PSL4/ATHSPRO2/AtCM3/EDS5/AtBBE6/ATMLO12/EXT-like/NA/IDL6/ATEDS1/AZI3/ATERF#011/IAN9/CRK28/AtNHR2B/PR-1-LIKE/LecRK-VII.1/ATPCB/LecRK-IV.4/AtJAZ1/APK2A/AtPR4/AtRLP23/ABA3/CYP71A12/FLS2/PRLIP1/ALPHA-DOX1/ATOSM34/ATMYB44/ATWRKY70/LecRK-I.4/ATLOX1/LecRK-IV.2/BES1	54
B	GO:0006520	amino acid metabolic process	48/1410	401/21192	0.11970074812967581	1.7990767761447446	4.3129377432601865	5.774113858617343e-5	0.007515701031943974	0.006976491558392723	NA/LKR/AK-HSDH/AtDAHP2/OVA2/TAT/AK-HSDH/AQI/ARATH;BSAS3;1/NodGS/THA1/ACS8/GATB/ADT3/CRR1/AtProRS-Cyt/AGT/ATCYSD2/ATHSPRO2/ATATP-PRT1/AtCM3/ADT1/IMS2/ACR4/TSB4/ATSERAT3;2/3-PGDH/ATCIMS/NA/FD-GOGAT/A37/ATIMD2/PDH2/ATPDX1.1/AtbZIP1/ATCS-C/DAPDC1/NA/EMB2369/SHM1/GAD2/AK3/OVA4/GDC-H1/DIN4/DCT/ALDH5F1/ALDH12A1	48
B	GO:0033559	unsaturated fatty acid metabolic process	7/1410	17/21192	0.4117647058823529	6.188735919899875	5.71379299641505	6.110326042230873e-5	0.007515701031943974	0.006976491558392723	AtCLO3/ADS3/ADS4.2/FAD4/NA/AAD2/ALPHA-DOX1	7
B	GO:0043648	dicarboxylic acid metabolic process	16/1410	83/21192	0.1927710843373494	2.8973083824660346	4.623739147877334	1.0017499184149878e-4	0.011551428746722828	0.010722678403034112	LPD1/AK-HSDH/AtDAHP2/AK-HSDH/CRR1/AtCM3/mMDH1/FD-GOGAT/PDH2/DAPDC1/ATNADP-ME1/GAD2/AK3/DCT/ALDH5F1/ALDH12A1	16
B	GO:1901607	alpha-amino acid biosynthetic process	25/1410	169/21192	0.14792899408284024	2.2233413068110286	4.262788943236651	1.3994465222752056e-4	0.015188110785869144	0.014098448865274053	LKR/AK-HSDH/AK-HSDH/ARATH;BSAS3;1/NodGS/THA1/ACS8/ADT3/CRR1/AGT/ATCYSD2/ATATP-PRT1/AtCM3/ADT1/IMS2/TSB4/ATSERAT3;2/3-PGDH/ATCIMS/FD-GOGAT/ATIMD2/ATCS-C/DAPDC1/SHM1/AK3	25
B	GO:0009069	serine family amino acid metabolic process	12/1410	53/21192	0.22641509433962265	3.4029706945002007	4.676213949682767	1.4903675715809356e-4	0.01527626760870459	0.014180280929603405	AK-HSDH/AK-HSDH/ARATH;BSAS3;1/THA1/AGT/ATCYSD2/ATSERAT3;2/3-PGDH/ATCS-C/SHM1/AK3/GDC-H1	12
B	GO:0016054	organic acid catabolic process	22/1410	145/21192	0.15172413793103448	2.2803815113719734	4.130270336326049	2.378575561092861e-4	0.020620927077225765	0.019141491002508244	LKR/CYP707A3/TAT/NA/THA1/ACX1/ATSCP2/ATHSPRO2/UGT71B6/IBR3/NA/NA/PDH2/ATGA2OX2/SHM1/ALPHA-DOX1/AtHPCL/GAD2/GDC-H1/DIN4/ALDH5F1/ALDH12A1	22
B	GO:0046395	carboxylic acid catabolic process	22/1410	145/21192	0.15172413793103448	2.2803815113719734	4.130270336326049	2.378575561092861e-4	0.020620927077225765	0.019141491002508244	LKR/CYP707A3/TAT/NA/THA1/ACX1/ATSCP2/ATHSPRO2/UGT71B6/IBR3/NA/NA/PDH2/ATGA2OX2/SHM1/ALPHA-DOX1/AtHPCL/GAD2/GDC-H1/DIN4/ALDH5F1/ALDH12A1	22
B	GO:0006553	lysine metabolic process	5/1410	10/21192	0.5	7.514893617021277	5.501410219704262	2.4588639333277337e-4	0.020620927077225765	0.019141491002508244	LKR/AK-HSDH/AK-HSDH/CRR1/DAPDC1	5
B	GO:0009085	lysine biosynthetic process	5/1410	10/21192	0.5	7.514893617021277	5.501410219704262	2.4588639333277337e-4	0.020620927077225765	0.019141491002508244	LKR/AK-HSDH/AK-HSDH/CRR1/DAPDC1	5
B	GO:0170039	proteinogenic amino acid metabolic process	32/1410	251/21192	0.12749003984063745	1.9161481732643892	3.8981096895273994	3.0980978728682956e-4	0.024852132936704373	0.02306913152932136	LKR/AK-HSDH/TAT/AK-HSDH/ARATH;BSAS3;1/NodGS/THA1/ADT3/CRR1/AGT/ATCYSD2/ATHSPRO2/ATATP-PRT1/AtCM3/ADT1/IMS2/TSB4/ATSERAT3;2/3-PGDH/ATCIMS/FD-GOGAT/ATIMD2/PDH2/ATCS-C/DAPDC1/SHM1/GAD2/AK3/GDC-H1/DCT/ALDH5F1/ALDH12A1	32
B	GO:0008652	amino acid biosynthetic process	25/1410	180/21192	0.1388888888888889	2.087470449172577	3.911742009443222	3.77790050283826e-4	0.029042610115569124	0.02695896543034144	LKR/AK-HSDH/AK-HSDH/ARATH;BSAS3;1/NodGS/THA1/ACS8/ADT3/CRR1/AGT/ATCYSD2/ATATP-PRT1/AtCM3/ADT1/IMS2/TSB4/ATSERAT3;2/3-PGDH/ATCIMS/FD-GOGAT/ATIMD2/ATCS-C/DAPDC1/SHM1/AK3	25
B	GO:1901568	fatty acid derivative metabolic process	13/1410	67/21192	0.19402985074626866	2.9162273737694506	4.1940757079488735	4.1021625800672176e-4	0.030273959840896064	0.028101972706397315	NA/ACOS5/AK-HSDH/AK-HSDH/LACS2/CRR1/ADS4.2/CER8/DAPDC1/CER4/AtHPCL/WRI4/ADS4	13
B	GO:0009409	response to cold	48/1410	442/21192	0.1085972850678733	1.6321940887648023	3.585937353727303	5.712267048736176e-4	0.03949579743254808	0.03666219507788089	LEA/EMB2728/EMB3113/ATHVA22A/DIN10/ATDI8/AtCLO3/ADH/LEA7/PRK/ATGRP7/ADC2/RCA/AtWIND1/ATMYB15/AIK1/LHCA1/ATGSTF2/LHCB2/AtLEA4-5/ATBT2/mMDH1/ATCBF3/ATCSLD2/AtPIF4/ATCHIA/HTT5/NA/PGK1/ATERF#011/ATCIPK14/CRB/CP29B/ABA3/P2y/SHM1/cfbp1/LEA25/ATCAT3/14-3-3KAPPA/ATHM1/ADC1/NA/ATMYB14/ATPLAT1/ALDH5F1/NA/LTI6b	48
B	GO:1901605	alpha-amino acid metabolic process	33/1410	271/21192	0.12177121771217712	1.830195493444296	3.6721801658898503	5.779872795007037e-4	0.03949579743254808	0.03666219507788089	LKR/AK-HSDH/TAT/AK-HSDH/ARATH;BSAS3;1/NodGS/THA1/ACS8/ADT3/CRR1/AGT/ATCYSD2/ATHSPRO2/ATATP-PRT1/AtCM3/ADT1/IMS2/TSB4/ATSERAT3;2/3-PGDH/ATCIMS/FD-GOGAT/ATIMD2/PDH2/ATCS-C/DAPDC1/SHM1/GAD2/AK3/GDC-H1/DCT/ALDH5F1/ALDH12A1	33
B	GO:0031667	response to nutrient levels	35/1410	295/21192	0.11864406779661017	1.783195095564371	3.6165059100391552	6.475528743260317e-4	0.04266910904041173	0.039607839343174946	NA/AFB1/ATAIG1/NA/AtPERK13/NA/AtMYB28/DIN9/NLP2/ATEBP/ATSUS4/CEPR1/ATG8G/ATWRKY75/ATCIPK23/FD-GOGAT/NA/ATWRKY6/BETA/BHLH100/AtPPsPase1/NIP6/AtbZIP1/PYD1/PHO1;H3/CEPD2/NA/ATATG18H/ATCAT3/DIN4/NA/ATPAH2/ATPPCK2/DCT/NA	35
C	GO:0071456	cellular response to hypoxia	47/1385	241/21192	0.1950207468879668	2.984028641191186	8.191158728726151	1.1413931150781616e-11	9.15665446866355e-9	8.099012359353113e-9	(AT)SRC2/AthCYSTM6/NA/SCL13/NA/SRO5/ATLPP1/EXL1/NA/NA/AtSTOP1/HHO3/NA/NA/NA/ATHSPRO2/BPS3/DVL10/AtPDC1/HKL/NA/HUP35/PER4/AtWRKY22/HUP26/RHA2B/PFK3/ATPUMP5/AtZAT6/ATHSP22.0/HUP54/ATPK19/AtS40-2/HSP17.6A/ANAC091/CBP1/NA/ATSPX1/NA/ACBP3/AtBBE22/NA/ATL56/ASUS1/NA/NA/NA	47
C	GO:0036294	cellular response to decreased oxygen levels	47/1385	243/21192	0.1934156378600823	2.9594687346793247	8.123647837132811	1.5449923175472805e-11	9.15665446866355e-9	8.099012359353113e-9	(AT)SRC2/AthCYSTM6/NA/SCL13/NA/SRO5/ATLPP1/EXL1/NA/NA/AtSTOP1/HHO3/NA/NA/NA/ATHSPRO2/BPS3/DVL10/AtPDC1/HKL/NA/HUP35/PER4/AtWRKY22/HUP26/RHA2B/PFK3/ATPUMP5/AtZAT6/ATHSP22.0/HUP54/ATPK19/AtS40-2/HSP17.6A/ANAC091/CBP1/NA/ATSPX1/NA/ACBP3/AtBBE22/NA/ATL56/ASUS1/NA/NA/NA	47
C	GO:0071453	cellular response to oxygen levels	47/1385	243/21192	0.1934156378600823	2.9594687346793247	8.123647837132811	1.5449923175472805e-11	9.15665446866355e-9	8.099012359353113e-9	(AT)SRC2/AthCYSTM6/NA/SCL13/NA/SRO5/ATLPP1/EXL1/NA/NA/AtSTOP1/HHO3/NA/NA/NA/ATHSPRO2/BPS3/DVL10/AtPDC1/HKL/NA/HUP35/PER4/AtWRKY22/HUP26/RHA2B/PFK3/ATPUMP5/AtZAT6/ATHSP22.0/HUP54/ATPK19/AtS40-2/HSP17.6A/ANAC091/CBP1/NA/ATSPX1/NA/ACBP3/AtBBE22/NA/ATL56/ASUS1/NA/NA/NA	47
C	GO:0001666	response to hypoxia	48/1385	271/21192	0.17712177121771217	2.710154928264084	7.492385998855355	2.3032118049157172e-10	1.0237776472850363e-7	9.055259043537057e-8	(AT)SRC2/AthCYSTM6/NA/SCL13/NA/SRO5/ATLPP1/EXL1/NA/NA/AtSTOP1/HHO3/NA/NA/NA/ATHSPRO2/BPS3/DVL10/AtPDC1/HKL/NA/HUP35/PER4/AtWRKY22/HUP26/RHA2B/PFK3/ATPUMP5/AtZAT6/AtFBA7/ATHSP22.0/HUP54/ATPK19/AtS40-2/HSP17.6A/ANAC091/CBP1/NA/ATSPX1/NA/ACBP3/AtBBE22/NA/ATL56/ASUS1/NA/NA/NA	48
C	GO:0036293	response to decreased oxygen levels	48/1385	275/21192	0.17454545454545456	2.6707344929438794	7.374207421065543	3.85757081468576e-10	1.29793159572114e-7	1.148013619091459e-7	(AT)SRC2/AthCYSTM6/NA/SCL13/NA/SRO5/ATLPP1/EXL1/NA/NA/AtSTOP1/HHO3/NA/NA/NA/ATHSPRO2/BPS3/DVL10/AtPDC1/HKL/NA/HUP35/PER4/AtWRKY22/HUP26/RHA2B/PFK3/ATPUMP5/AtZAT6/AtFBA7/ATHSP22.0/HUP54/ATPK19/AtS40-2/HSP17.6A/ANAC091/CBP1/NA/ATSPX1/NA/ACBP3/AtBBE22/NA/ATL56/ASUS1/NA/NA/NA	48
C	GO:0070482	response to oxygen levels	48/1385	276/21192	0.17391304347826086	2.661057918694082	7.3449908996828155	4.37997163910396e-10	1.29793159572114e-7	1.148013619091459e-7	(AT)SRC2/AthCYSTM6/NA/SCL13/NA/SRO5/ATLPP1/EXL1/NA/NA/AtSTOP1/HHO3/NA/NA/NA/ATHSPRO2/BPS3/DVL10/AtPDC1/HKL/NA/HUP35/PER4/AtWRKY22/HUP26/RHA2B/PFK3/ATPUMP5/AtZAT6/AtFBA7/ATHSP22.0/HUP54/ATPK19/AtS40-2/HSP17.6A/ANAC091/CBP1/NA/ATSPX1/NA/ACBP3/AtBBE22/NA/ATL56/ASUS1/NA/NA/NA	48
C	GO:0042742	defense response to bacterium	61/1385	463/21192	0.13174946004319654	2.0159094276068026	5.844502812644625	1.3344562682253488e-7	3.389518921292386e-5	2.9980115259077762e-5	NIMIN-1/ATEXT1/ATNFXL1/ATHLECRK/ACD6/FRK1/ATWRKY48/LRRAC1/LecRK-VII.2/ATNRAMP3/ATEXO70B2/ATMYB29/ATPME44/EXT-like/ATICS1/LecRK-I.8/ATHSPRO2/AZI3/CRK7/CRK4/NCH1/AtMYB28/ATOSM34/MAPKKK5/AtGH3.12/IRE3/CRK5/ATCLH1/AtMORC2/SARD1/CRK10/ATGST11/ATPME3/ATWRKY8/AtRLP51/CYP71A13/ATGLR3.6/CBRLK1/LecRK-VI.3/FLS2/WRKY4/AtPAM16/AtCAF1a/LecRK-IX.2/TET8/HSL2/RPS2/XLG2/ATMYB44/LecRK-V.2/PROSCOOP4/ArathEULS3/ATWRKY33/ACBP3/UGT76B1/PXMT1/RKL1/DELTA-OAT/NA/LecRK-VI.1/CRK20	61
C	GO:0009409	response to cold	58/1385	442/21192	0.13122171945701358	2.007834425078001	5.662165177011791	3.099342714011794e-7	6.888289181891213e-5	6.0926552825442385e-5	AHG3/STR10/GAPB/ATHVA22A/ACD6/CER60/ADC2/AtSLD2/AtCLO3/ATPGMP/AtCOR47/ATICS1/SHM1/COR78/AtATL78/ATCBF2/CP29A/ATPD/ABCG40/AtSWEET16/ATCSLD2/LHCA1/NDL2/OLE3/cfbp1/TUB6/AGL24/ATRBP31/ATFER1/CHS1/ATOCT3/COR15B/RAP2.1/DAG2/DREB26/SAUR14/AGL25/NA/ATPK19/TAPX/AtMYB60/THI1/ICE2/ATCIPK14/AtLEA4-5/ATPLDDELTA/AtRPK1/ATGSTF2/EMB3113/ATWRKY33/AtUSP/ARCK1/LHCA2/BAP1/AtLEA5/ASUS1/PRK/AOX1A	58
C	GO:0009415	response to water	59/1385	475/21192	0.12421052631578948	1.9005555766673	5.2491037084623375	1.5396788161037476e-6	2.6528334077235185e-4	2.3464170926167414e-4	AHG3/ATGSTU19/ATHVA22A/SPCH/STMP4/ATEXO70B2/AtCLO3/ATMYB29/ABI5/ATCTL1/XMPP/ATLOX2/PYR1/AtRDUF2/AtCOR47/XTH6/AIF/AtREM4.1/ATGRP-5/COR78/AtATL78/ATDR4/ATXDH1/AFP2/ANAC047/SAP5/ABI2/ABCG40/ATMGL/ANAC019/NF-YB11/BRL3/AZF2/ATBRI1/HUP35/RGLG1/AtYUC6/ESL1/ATCIPK6/ALDH7B4/RAP2.1/DAG2/NA/AT-GTL1/DREB19/AtMYB60/ATHPR1/ATMYB44/ATCIPK14/AtLEA4-5/AtRPK1/BHLH100/Raf43/ZIFL1/ATWRKY33/ARCK1/UBC32/AtLEA5/ASUS1	59
C	GO:0009751	response to salicylic acid	32/1385	197/21192	0.16243654822335024	2.485455111876706	5.538931163657843	1.6349470066195324e-6	2.6528334077235185e-4	2.3464170926167414e-4	ATEXT1/ACD6/STMP4/ATWAKL10/AtCLO3/ATGRP-5/NA/ATHSPRO2/ABCG40/CRK4/BT1/ATLTL1/CRK5/AP4.3A/EDR4/WAK2/ATSYP122/CBRLK1/DREB26/WRKY4/LecRK-IX.2/AtS40-2/NA/ATMYB44/PROSCOOP4/DIV2/BAP1/UGT76B1/PXMT1/anac081/NA/CRK20	32
C	GO:0050832	defense response to fungus	40/1385	275/21192	0.14545454545454545	2.2256120774532326	5.409547546347793	1.6412355165893536e-6	2.6528334077235185e-4	2.3464170926167414e-4	LTPG5/ACD6/PRX62/ATEXO70B2/AtCLO3/ATMYB29/AtCOR47/ATICS1/LecRK-I.8/At2-MMP/AZI3/ERF109/CEP1/AP2C1/AtMYB28/APG9/MAPKKK5/ATCLH1/atPARG2/ATFH4/APG7/EDR4/ATGRXS13/ATTI1/ATPME3/ATWRKY8/ATSYP122/COR15B/CYP71A13/WRKY4/AtRLP52/ATHCHIB/XLG2/ATMYB44/CBP1/ATWRKY33/ACBP3/POQR/AtBBE19/AtTSA1	40
C	GO:0090693	plant organ senescence	30/1385	180/21192	0.16666666666666666	2.5501805054151623	5.523013301547586	1.986951989656197e-6	2.944000531340598e-4	2.6039528706547e-4	TIFY8/TCP17/AIF/At2-MMP/AtOCT1/COR78/TCP5/CIK3/anac032/MEE35/SENRK1/AtPP2-A13/CHI/ANAC029/APG7/ANAC059/AtWRKY22/COR15B/PES2/ANAC092/AtS40-2/DEAR4/AtDMP1/TCP3/ATGLN1;1/AtLEA5/UGT76B1/anac081/AT-RSH3/ALPHA	30
C	GO:0019684	photosynthesis, light reaction	28/1385	165/21192	0.1696969696969697	2.5965474236954385	5.444103832984674	3.0049546089185222e-6	3.975576639925294e-4	3.516376472706406e-4	MSP-1/NDF2/PSBQ/PETC/PnsL1/PUMPKIN/NA/CRR1/ADS3/CP24/ATPD/ABI2/PPD5/LHCA1/CRR3/cfbp1/LHCA2*1/OE23/NA/AB180/LQY1/LHCB4.3/LHCB5/DEG5/HCF243/LHCA2/AB140/LHCB4.2	28
C	GO:0009620	response to fungus	50/1385	387/21192	0.12919896640826872	1.976884112724932	5.128683876836262	3.1303753070277908e-6	3.975576639925294e-4	3.516376472706406e-4	LTPG5/ACD6/PRX62/ATWAKL10/ATEXO70B2/AtCLO3/ATMYB29/ATLOX2/AtCOR47/ATICS1/LecRK-I.8/NA/At2-MMP/NA/AZI3/ERF109/CEP1/AP2C1/NA/AtMYB28/APG9/MAPKKK5/ATCLH1/atPARG2/ATFH4/APG7/EDR4/NA/ATGRXS13/ATTI1/ATPME3/ATWRKY8/ATSYP122/COR15B/CYP71A13/WRKY4/AtRLP52/ATHCHIB/XLG2/At17.1/ATMYB44/CBP1/ATWRKY33/ACBP3/POQR/PXMT1/AtBBE19/AtTSA1/anac081/NA	50
C	GO:0015979	photosynthesis	34/1385	227/21192	0.14977973568281938	2.2917921722673706	5.1742737939040175	5.0550934768157805e-6	5.991970801185638e-4	5.29986642411423e-4	GAPB/EMB3119/MSP-1/NDF2/PSBQ/PETC/PnsL1/PUMPKIN/NA/CRR1/ADS3/CP24/ATPD/ABI2/PDE327/PPD5/LHCA1/CRR3/cfbp1/ATFER1/LHCA2*1/OE23/NA/AB180/LQY1/LHCB4.3/LHCB5/DEG5/HCF243/LHCA2/AB140/LHCB4.2/NA/AT-RSH3	34
C	GO:0006091	generation of precursor metabolites and energy	53/1385	429/21192	0.12354312354312354	1.8903435914266238	4.92643200292911	6.05502530993311e-6	6.728646875663168e-4	5.951452508578992e-4	NA/ETFQO/EMB3119/PGM/MSP-1/NDF2/APL4/AOX1D/NA/PSBQ/NDB2/PETC/PnsL1/PUMPKIN/NA/CRR1/ADS3/CP24/CSY2/COX1/HRG1/ATPD/ABI2/LTA2/PPD5/LHCA1/NA/CRR3/cfbp1/LHCA2*1/HUP26/PFK3/AtFBA7/HUP17/OE23/NA/AB180/LQY1/NDHD/LHCB4.3/LHCB5/DEG5/NA/HCF243/ADG2/NA/LHCA2/PGL1/EMB3003/AB140/LHCB4.2/ATFD1/AOX1A	53
C	GO:0010150	leaf senescence	28/1385	172/21192	0.16279069767441862	2.4908739820334147	5.191347072035172	6.857253601430723e-6	7.171880531378721e-4	6.343490328506193e-4	TIFY8/TCP17/AIF/At2-MMP/AtOCT1/COR78/TCP5/CIK3/anac032/MEE35/SENRK1/AtPP2-A13/CHI/ANAC029/APG7/ANAC059/AtWRKY22/COR15B/ANAC092/AtS40-2/DEAR4/TCP3/ATGLN1;1/AtLEA5/UGT76B1/anac081/AT-RSH3/ALPHA	28
C	GO:0009768	photosynthesis, light harvesting in photosystem I	9/1385	23/21192	0.391304347826087	5.987380317061686	6.328160640291704	7.489854033370126e-6	7.398311372962268e-4	6.543767208102321e-4	CP24/LHCA1/LHCA2*1/AB180/LHCB4.3/LHCB5/LHCA2/AB140/LHCB4.2	9
C	GO:0009765	photosynthesis, light harvesting	12/1385	43/21192	0.27906976744186046	4.270069683485853	5.675937154493045	1.3295505390035527e-5	0.001244179399130693	0.001100470086022885	CP24/LHCA1/LHCA2*1/NA/AB180/LQY1/LHCB4.3/LHCB5/DEG5/LHCA2/AB140/LHCB4.2	12
C	GO:0009414	response to water deprivation	54/1385	461/21192	0.11713665943600868	1.7923177521789864	4.5481102635226565	2.293305574177021e-5	0.002038748655443372	0.0018032623830634051	AHG3/ATGSTU19/ATHVA22A/STMP4/ATEXO70B2/AtCLO3/ATMYB29/ABI5/ATCTL1/XMPP/ATLOX2/PYR1/AtRDUF2/AtCOR47/XTH6/AIF/AtREM4.1/COR78/AtATL78/ATDR4/ATXDH1/AFP2/SAP5/ABI2/ABCG40/ATMGL/ANAC019/NF-YB11/BRL3/AZF2/ATBRI1/HUP35/RGLG1/AtYUC6/ESL1/ATCIPK6/ALDH7B4/RAP2.1/AT-GTL1/DREB19/AtMYB60/ATHPR1/ATMYB44/ATCIPK14/AtLEA4-5/AtRPK1/BHLH100/Raf43/ZIFL1/ATWRKY33/ARCK1/UBC32/AtLEA5/ASUS1	54
C	GO:0080134	regulation of response to stress	55/1385	477/21192	0.11530398322851153	1.7642758213564016	4.464348636393687	3.0119548130177004e-5	0.00255012174168832	0.0022555691682448345	NIMIN-1/LTPG5/ATHLECRK/ACD6/AT-HSFB1/TIFY8/SPCH/ILL6/ATEXO70B2/ATMYB29/NA/AtSTOP1/PYR1/EXT-like/ATICS1/JAI3/PLIP2/CRK4/RMI2/MAPKKK5/AtGH3.12/ULT/EBS1/AtMORC2/VQ9/atPARG2/AGL24/SARD1/EDR4/IDN2/RGLG1/ATWRKY8/ATSYP122/AtRLP51/RHA2B/LIK1/ATGLR3.6/NA/ANAC092/FLS2/WRKY4/AtPAM16/LecRK-IX.2/AtMYB60/ABS3/XLG2/ANAC091/ATMYB44/ATSPX1/ARCK1/ATGSTU4/BAP1/JAZ7/ATWRKY58/FDM2	55
C	GO:0042546	cell wall biogenesis	35/1385	260/21192	0.1346153846153846	2.059761177450708	4.546535415861776	3.861856527512144e-5	0.0031179534664448985	0.0027578133200335557	XTH30/ATCESA3/XTH6/AtMYB83/XTH9/COBL8/FRA8/ATCESA2/FEI2/FLA13/ATCSLD2/XTH7/AtkdsA1/FUT8/AtMSR2/AtMSR1/XTH10/TED6/AtXTH32/PHGAP1/AGP18/TED7/anac075/XTH8/NA/ATMAP70-1/ANAC007/RAY1/MYC4/ATCSLG2/PXC1/HSR8/AtMYB43/ATFLA11/FLA9	35
C	GO:0002239	response to oomycetes	20/1385	113/21192	0.17699115044247787	2.7081562889364554	4.814299292212433	4.033348128697e-5	0.0031179534664448985	0.0027578133200335557	LTPG5/ATHLECRK/ACD6/LecRK-VII.2/ATEXO70B2/LecRK-I.8/DTX18/ABCG40/LecRK-IX.1/SARD1/NA/AtRLP51/LecRK-VI.3/AtPAM16/LecRK-IX.2/LecRK-V.2/ATGSTF2/ARCK1/UGT76B1/LecRK-VI.1	20
C	GO:0009625	response to insect	13/1385	58/21192	0.22413793103448276	3.4295530934893566	4.899376346096065	7.433986648981487e-5	0.005507345109120452	0.004871217567358923	ATMYB29/NOI3/LAC6/UGT73B5/AtMYB28/CHI/ATTPS03/AN5/NOI10/CYP83A1/PROSCOOP4/AtLEA5/CYP79F2	13
C	GO:0140546	defense response to symbiont	44/1385	375/21192	0.11733333333333333	1.7953270758122741	4.109070495111372	1.2206858681747266e-4	0.008681517894458656	0.007678756577065439	NIMIN-1/LTPG5/ERF59/ILL6/ATMYB29/NA/ATICS1/SHM1/GLY1/SDE3/CEP1/CRK7/CRK4/LecRK-IX.1/AtMYB28/MAPKKK5/AtGH3.12/CHI/CRK5/AtMORC2/SARD1/ATRBP31/CRK10/ATSYP122/NA/ATMES1/CYP71A13/LIK1/ATGLR3.6/NA/ANAC092/FLS2/GH3.5/LecRK-IX.2/ATPUB17/ATHCHIB/RPS2/XLG2/NA/ATWRKY33/ATDCL3/DELTA-OAT/AGO5/CRK20	44
C	GO:0071669	plant-type cell wall organization or biogenesis	45/1385	391/21192	0.11508951406649616	1.7609942109004957	4.016232871062183	1.605460204980921e-4	0.010978877863292606	0.009710759296524275	ATC/VIF2/BGAL4/ATCESA3/PMR6/FEI1/AtMYB83/XTH9/COBL8/FRA8/ATCESA2/FEI2/FLA13/ATEXP5/FRB1/ATEXP8/ATCSLD2/SLP2/ATEXP4/AtkdsA1/AtMSR2/AtMSR1/PME1/XTH10/TED6/ATEXP3/PHGAP1/AGP18/TED7/anac075/ATBCAT-2/NA/ATMAP70-1/RRT1/ANAC007/NA/MYC4/ATROPGEF7/DGR2/ATCSLG2/PXC1/ATEXPB3/HSR8/AtMYB43/ATFLA11/FLA9	45
C	GO:0098542	defense response to other organism	52/1385	477/21192	0.1090146750524109	1.6680425947369617	3.902223468974686	2.0494834880319243e-4	0.013496228302669486	0.01193734242151928	NIMIN-1/LTPG5/ERF59/ILL6/LRRAC1/ATMYB29/NA/PMR6/NA/EXT-like/BGLU28/ATICS1/SHM1/GLY1/SDE3/DTX18/CEP1/CRK7/CRK4/LecRK-IX.1/AtMYB28/MAPKKK5/AtGH3.12/CHI/CRK5/AtMORC2/SARD1/ATRBP31/CRK10/ATSYP122/NA/ATMES1/CYP71A13/LIK1/ATGLR3.6/NA/ANAC092/FLS2/GH3.5/LecRK-IX.2/ATPUB17/ATHCHIB/RPS2/XLG2/NA/BGLU30/ATWRKY33/NHL17/ATDCL3/DELTA-OAT/AGO5/CRK20	52
C	GO:0009611	response to wounding	34/1385	274/21192	0.12408759124087591	1.8986745368784421	3.959213304998743	2.453958785816931e-4	0.015582638289937513	0.013782761000039456	ATEXT1/ERF59/TIFY8/ADC2/ATMYB29/ATLOX2/JAI3/COR78/AP2C1/ATIMD1/AtPP2-A13/AtFDH1/AP4.3A/HUP35/ANAC059/AtHNL/NA/ATCK1/EFD/CYP74B2/LIK1/ATGLR3.6/KFB20/ATTPS03/AtCAF1a/ATM4/ATHCHIB/ATSEN1/PROSCOOP4/BAP1/JAZ7/anac081/NA/NA	34
C	GO:0048366	leaf development	48/1385	439/21192	0.10933940774487472	1.673011356627715	3.7679529525098663	3.3021898430813615e-4	0.020245839796547108	0.017907338023824156	ASE2/TIFY8/TCP17/TIE4/AIF/At2-MMP/AtOCT1/COR78/TCP5/CIK3/PLL4/anac032/MEE35/AtGRF9/CRF2/SENRK1/AtPP2-A13/CHI/ATBRI1/ANAC029/APG7/ATFER1/ANAC059/DOT3/AT-NHX1/DPA4/AtWRKY22/COR15B/PME53/ANAC092/CRF1/EAL1/AtS40-2/DEAR4/PAC/YAB3/AtGRF2/LAX2/AT2301/TCP3/ATGLN1;1/AtLEA5/UGT76B1/ATGCP2/anac081/CRF3/AT-RSH3/ALPHA	48
C	GO:0016051	carbohydrate biosynthetic process	37/1385	313/21192	0.1182108626198083	1.8087542242880703	3.811756463316313	3.529350140723776e-4	0.02039832763518718	0.01804221270911708	ATGSL12/GAPB/EMB3119/ATCESA3/ATMYB29/FRK3/ATCTL1/GALT1/ATPGMP/APL4/TPPE/FRA8/PTST/ATCESA2/ATTPS9/AtMYB28/AFP4/AtTPPD/ATGSL07/cfbp1/F8H/GPP2/AtkdsA1/SDI2/FUT8/AtMSR2/DIN9/AtMSR1/AtFBA7/ATTPS8/AGP18/NA/ATTPS11/ADG2/TBL34/ATCSLG2/HSR8	37
C	GO:0032787	monocarboxylic acid metabolic process	52/1385	488/21192	0.10655737704918032	1.6304432739539563	3.7258044653078244	3.55651381715862e-4	0.02039832763518718	0.01804221270911708	AtPNC2/NA/ATNFXL1/ILL6/CER60/PGM/AtCLO3/ACL/FRK3/ATCTL1/NA/ATLOX2/NA/ADS3/ATICS1/CSY2/DECR/ATMGD2/ETFBETA/LTA2/UGT71B6/CYP86A7/ATECH2/EMB3147/ATECI3/ACX4/KCS8/ATSAGT1/SARD1/AAE14/AtFAP3/AtHNL/NHL6/ATMES1/PFK3/AtFAP1/CYP74B2/PPDK/AtFBA7/ELO3/AtHGO/HIC/CBP60f/AtFAD8/CYP86A4/BIO2/ACBP3/DIV2/ADS1/EMB3003/UGT71D1/ALPHA	52
C	GO:0009832	plant-type cell wall biogenesis	28/1385	217/21192	0.12903225806451613	1.9743332945149645	3.814851941305934	4.449275014438643e-4	0.024721284298974713	0.021865844972274125	ATCESA3/AtMYB83/XTH9/COBL8/FRA8/ATCESA2/FEI2/FLA13/ATCSLD2/AtkdsA1/AtMSR2/AtMSR1/XTH10/TED6/PHGAP1/AGP18/TED7/anac075/NA/ATMAP70-1/ANAC007/MYC4/ATCSLG2/PXC1/HSR8/AtMYB43/ATFLA11/FLA9	28
C	GO:0009753	response to jasmonic acid	29/1385	230/21192	0.12608695652173912	1.9292669910532096	3.746962373380074	5.215387158476327e-4	0.027607576640854566	0.024418755255128016	ATEXT1/ERF59/ChiC/TIFY8/STMP4/ILL6/ADC2/ATMYB29/ATLOX2/JAI3/At2-MMP/ABCG40/ATIMD1/NDL2/AP4.3A/ATSYP122/ATGLR3.6/DREB26/ATTPS03/WRKY4/ATVSP1/ATMYB44/ATSEN1/JAV1/AtBBE22/JAZ7/anac081/NA/NA	29
C	GO:0006979	response to oxidative stress	46/1385	425/21192	0.10823529411764705	1.6561172223401994	3.6131025053628965	5.422011903532866e-4	0.027607576640854566	0.024418755255128016	ATGSTU19/ADC2/AtSTOP1/BIP3/COR78/ISTL6/ATXDH1/CAT1/HRG1/ATHSPRO2/NA/CRK7/ABCG40/BT1/ATMSRB4/NDH18/F6'H1/AtTPPD/ATMSRA1/AtBBE24/HUP35/ATFER1/ANAC059/ATGRXS13/PER4/NA/ATNDPK2/ATWRKY8/HUP26/AtYUC6/ATHSP22.0/ANAC092/ATACP5/TAPX/HSP17.6A/ATFC-I/HSP17.6B/ATSEN1/ATCIPK14/Raf43/AtUSP/AtLEA5/ATMSRA2/PRXIIC/AtBBE19/NA	46
C	GO:0002229	defense response to oomycetes	15/1385	88/21192	0.17045454545454544	2.608139153265507	3.997365265693512	5.434562330876884e-4	0.027607576640854566	0.024418755255128016	ATHLECRK/ACD6/LecRK-VII.2/ATEXO70B2/LecRK-I.8/DTX18/ABCG40/LecRK-IX.1/SARD1/AtRLP51/LecRK-VI.3/AtPAM16/LecRK-IX.2/LecRK-V.2/LecRK-VI.1	15
C	GO:0009926	auxin polar transport	17/1385	108/21192	0.1574074074074074	2.4085038106698757	3.880472963550274	6.238308414485152e-4	0.030810312113762776	0.027251557810645664	ICR1/ALA10/AtLAZY1/ABCB19/NDL2/APM1/SAUR62/SAUR19/AUF1/ATCIPK6/AtPAM16/ALA5/ZIFL1/AtAUX1/ATCCD7/SAUR63/CLEL	17
C	GO:0070542	response to fatty acid	29/1385	234/21192	0.12393162393162394	1.8962880681292236	3.645624105756669	6.909347348811892e-4	0.033202215097804175	0.029367183326102327	ATEXT1/ERF59/ChiC/TIFY8/STMP4/ILL6/ADC2/ATMYB29/ATLOX2/JAI3/At2-MMP/ABCG40/ATIMD1/NDL2/AP4.3A/ATSYP122/ATGLR3.6/DREB26/ATTPS03/WRKY4/ATVSP1/ATMYB44/ATSEN1/JAV1/AtBBE22/JAZ7/anac081/NA/NA	29
C	GO:0031347	regulation of defense response	37/1385	326/21192	0.11349693251533742	1.7366259883502027	3.5442756983829242	7.654512085991712e-4	0.03581505918129806	0.03167823007332859	NIMIN-1/LTPG5/ATHLECRK/ACD6/TIFY8/ILL6/ATEXO70B2/NA/EXT-like/ATICS1/JAI3/PLIP2/MAPKKK5/AtGH3.12/EBS1/AtMORC2/SARD1/EDR4/ATSYP122/AtRLP51/LIK1/ATGLR3.6/NA/ANAC092/FLS2/WRKY4/AtPAM16/LecRK-IX.2/ABS3/XLG2/ANAC091/ATMYB44/ARCK1/ATGSTU4/BAP1/JAZ7/ATWRKY58	37
C	GO:1900424	regulation of defense response to bacterium	11/1385	56/21192	0.19642857142857142	3.0055698813821556	3.973851867888663	8.692476499852094e-4	0.03962877747881288	0.03505144369980845	ATHLECRK/ACD6/ATEXO70B2/EXT-like/MAPKKK5/AtMORC2/SARD1/AtRLP51/WRKY4/AtPAM16/LecRK-IX.2	11
C	GO:0002376	immune system process	40/1385	364/21192	0.10989010989010989	1.681437695878129	3.4677223954012857	9.036277782132904e-4	0.04016625474158076	0.03552683949080674	LTPG5/LYM1/ATMYB29/NA/CTL10/SHM1/SDE3/CEP1/CRK7/CRK4/EGM1/LecRK-IX.1/AtMYB28/MAPKKK5/PUB24/AtGH3.12/CRK5/AtMORC2/ATRBP31/CRK10/ATSYP122/NA/CYP71A13/NA/LIK1/ATGLR3.6/CBRLK1/NA/NA/ANAC092/FLS2/LecRK-IX.2/ATPUB17/RPS2/XLG2/ARCK1/ATDCL3/DELTA-OAT/AGO5/CRK20	40
C	GO:0031349	positive regulation of defense response	18/1385	123/21192	0.14634146341463414	2.239182882803557	3.6446620234848486	0.0010577655615379162	0.04587090654669305	0.04057257378530544	LTPG5/ACD6/ATEXO70B2/EXT-like/PLIP2/MAPKKK5/AtGH3.12/AtMORC2/SARD1/AtRLP51/ATGLR3.6/NA/ANAC092/FLS2/LecRK-IX.2/XLG2/ARCK1/ATGSTU4	18
C	GO:1903338	regulation of cell wall organization or biogenesis	9/1385	41/21192	0.21951219512195122	3.358774324205336	3.9976441160881695	0.0011038156520216276	0.046681812999948294	0.04128981624647608	AtMYB83/FRB1/TED6/TED7/anac075/ANAC007/MYC4/AtMYB43/ATFLA11	9
C	GO:0000302	response to reactive oxygen species	22/1385	165/21192	0.13333333333333333	2.0401444043321297	3.546812361749383	0.0011289752300324954	0.046681812999948294	0.04128981624647608	AtSTOP1/BIP3/COR78/ATXDH1/CAT1/HRG1/CRK7/ABCG40/BT1/F6'H1/HUP35/ATFER1/ANAC059/ATNDPK2/ATWRKY8/ATHSP22.0/ANAC092/ATACP5/TAPX/HSP17.6A/HSP17.6B/AtLEA5	22
C	GO:0019748	secondary metabolic process	29/1385	242/21192	0.11983471074380166	1.8336008592654476	3.4487767703406167	0.001179112129400155	0.04764684922894263	0.04214338567760363	ATGSTU19/FEP3/KFB01/ATCESA3/ATCTL1/ATCAD9/ABCG6/CCOAMT/ATGSTU20/BGLU45/ATGSTU8/F6'H1/ATGST11/MWL1/CYP71A13/DAG2/KFB20/GH3.5/ATGSTF2/FPT1/ATWRKY33/LAP6/ATGSTU27/ATGSTU4/ATCAD1/UGT72E1/AtMYB43/ATGPAT5/CER4	29
D	GO:0009767	photosynthetic electron transport chain	18/1435	58/21192	0.3103448275862069	4.583155112339301	7.364273859215319	2.6785598649307932e-8	4.7303367214677805e-5	4.474604742784388e-5	ATLFNR1/ABC4/PQL3/NDF2/PnsL2/PETC/FTSH5/PSBQ/OEC33/ABC1K1/PSAG/CRR31/PSBB/PGRL1A/AtPGR5/NDF1/PnsL3/ABI2	18
D	GO:0009415	response to water	64/1435	475/21192	0.13473684210526315	1.9897861727489454	5.879845716292101	1.0354827719228791e-7	9.143312876079023e-5	8.649006100218996e-5	SINA2/XERO1/AtMYB124/CRB/ATMYB2/AtEWR1/ATRD22/ATXDH1/RD2/AtOCT4/AHK4/AKR4C8/ABA1/ARCK1/BRL3/AtREM4.2/ATDI8/DEG13/ATSEH/AtCML37/ABIG1/STMP4/ALDH10A9/AtMDAR3/ANAC047/ERD6/AHK1/AtAVP1/STMP3/ATCTL1/AtLtpI-6/AtRbcX1/ABC1K1/PER3/AtLtpI-11/HAI1/ATWRKY46/LTP3/AtLrgB/EGR2/DREB2/ATPHS2/ATGSTU19/AKR4C9/AtDTX50/GLYI4/ATP5CS/DREB19/AtERF71/ARR10/RGLG1/LRK10L1.1/AtLEA4-5/ATGRP7/ATGRP-5/AAO4/ATCBL9/AtPGR5/XTH6/CHL/RDK1/AIF/ASPG1/ABI2	64
D	GO:0009414	response to water deprivation	62/1435	461/21192	0.13449023861171366	1.9861443461041364	5.769285118272984	1.7468487753008008e-7	1.0283116457270714e-4	9.72718949614867e-5	SINA2/XERO1/AtMYB124/CRB/ATMYB2/AtEWR1/ATRD22/ATXDH1/RD2/AtOCT4/AHK4/AKR4C8/ABA1/ARCK1/BRL3/AtREM4.2/ATDI8/DEG13/ATSEH/AtCML37/ABIG1/STMP4/ALDH10A9/AtMDAR3/ERD6/AHK1/AtAVP1/STMP3/ATCTL1/AtLtpI-6/AtRbcX1/ABC1K1/PER3/AtLtpI-11/HAI1/ATWRKY46/LTP3/AtLrgB/EGR2/DREB2/ATPHS2/ATGSTU19/AKR4C9/AtDTX50/GLYI4/ATP5CS/DREB19/AtERF71/ARR10/RGLG1/LRK10L1.1/AtLEA4-5/ATGRP7/AAO4/ATCBL9/AtPGR5/XTH6/CHL/RDK1/AIF/ASPG1/ABI2	62
D	GO:0019684	photosynthesis, light reaction	30/1435	165/21192	0.18181818181818182	2.6850807728856507	5.8561907508497875	6.245226647523375e-7	2.75726756488157e-4	2.6082038656893673e-4	ATLFNR1/ABC4/ATSIG5/PQL3/NDF2/PnsL2/PETC/AtTLP18.3/PPD1/LHB1B2/DEG13/LPA1/AB180/FTSH5/PSBQ/PSBW/OEC33/DEG2/ABC1K1/PSAG/CRR31/PSBB/ATHDA14/PGRL1A/PPL1/OHP2/AtPGR5/NDF1/PnsL3/ABI2	30
D	GO:0015979	photosynthesis	35/1435	227/21192	0.15418502202643172	2.2769958096056735	5.213101055043515	4.154196974612774e-6	0.0014672623714332318	0.0013879390734127311	ATLFNR1/ABC4/ATSIG5/PQL3/NDF2/PnsL2/PETC/AtTLP18.3/PPD1/LHB1B2/DEG13/LPA1/AB180/FTSH5/RBCS3B/PSBQ/PSBW/OEC33/DEG2/ABC1K1/PSAG/CRR31/PSBB/ATHDA14/RPOD1/PGRL1A/PPL1/OHP2/RBCS1A/GAPA/AtPGR5/NDF1/PnsL3/PSBP-2/ABI2	35
D	GO:0006979	response to oxidative stress	53/1435	425/21192	0.12470588235294118	1.841649518343923	4.723675322667869	1.252369285175134e-5	0.003686140262698811	0.0034868597466191894	AtSIP2/NA/ADC2/CRK7/ATXDH1/HSP17.6C/2CPA/ATPCB/DUF760-6/NA/AtZAT12/ATBT2/ATNUDT2/RMG1/NA/CYP20-3/ATMC8/AtBBE24/NA/AtCML37/ATBCB/ATPDX1/ATACP5/NA/ATBT4/ATHSP17.4/ABC1K1/ATLACS7/NA/DHAR2/AtHMP31/ALPHA-DOX1/ATSEN1/ADC1/GATL10/CRK6/NA/ATPRX/PRXIID/AtUSP/ATGSTU19/ATHSFA2/ZAT7/GLYI4/ATP5CS/TAPX/APX4/AAO4/NA/MAF1/CHL/ATMSRB8/HUP26	53
D	GO:0009451	RNA modification	46/1435	360/21192	0.12777777777777777	1.8870150987224155	4.574650877510102	2.4958985012016567e-5	0.006296795361603037	0.005956377325424105	NA/NA/NA/NA/MEF18/NA/OTP90/EMB3102/NA/NA/MEF37/MEF10/LOI1/NA/NA/SLO2/NA/POCO1/NA/NA/GRS1/ATIPT1/NA/ABO8/NA/NA/OTP81/NA/NA/NA/MEF8S/NA/NA/NA/TRUA5/NA/ATRBP31/NA/NA/REME1/NA/MEF32/MEF13/EMB2758/PDM1/NA	46
D	GO:0006091	generation of precursor metabolites and energy	51/1435	429/21192	0.11888111888111888	1.7556297361175408	4.261218567736285	6.453361662455574e-5	0.013087712748908244	0.012380163397816883	ATLFNR1/ABC4/ATIVD/ATSIG5/PQL3/NDF2/PnsL2/PETC/NA/AtTKL1/AtTLP18.3/PPD1/LHB1B2/DEG13/E1-OGDH2/LPA1/NAD9/AtFBA2/AB180/FTSH5/NAD7/PSBQ/HUP17/PSBW/OEC33/DEG2/ABC1K1/ATFD3/PFK2/PSAG/CRR31/PSBB/ATHDA14/ATPPC3/PGRL1A/ATPHS2/PPL1/LPD1/cPGK2/OHP2/AtFBA1/PDH-E1/c-NAD-MDH2/AtPGR5/NDF1/G6PD4/NAD4L/PnsL3/HUP26/G6PD5/ABI2	51
D	GO:0022900	electron transport chain	22/1435	131/21192	0.16793893129770993	2.480112774955449	4.579648406536153	6.669842284268074e-5	0.013087712748908244	0.012380163397816883	ATLFNR1/ABC4/PQL3/NDF2/PnsL2/PETC/NA/FTSH5/NAD7/PSBQ/OEC33/ABC1K1/ATFD3/PSAG/CRR31/PSBB/PGRL1A/AtPGR5/NDF1/NAD4L/PnsL3/ABI2	22
D	GO:0009751	response to salicylic acid	28/1435	197/21192	0.14213197969543148	2.0989971524080726	4.176504148056482	1.5672184243234387e-4	0.027677077373551927	0.026180796204224182	ATNUDT6/KH29/ALD1/STMP7/ATBT2/EDS5/NA/ATSYP41/CPK31/DREB26/ATBT4/STMP4/GLIP1/STMP3/ATWRKY18/DHAR2/ATPP2-A5/ALPHA-DOX1/ATWRKY46/ATWRKY60/NA/GLYI4/ANK/NA/ATGRP-5/BAP1/AP4.3A/AtBRN1	28
