ID	Description	setSize	enrichmentScore	NES	pvalue	p.adjust	qvalue	rank	leading_edge	core_enrichment
GO:0015979	photosynthesis	215	-0.8739610241983862	-2.3073739155750204	1.4784856608830023e-31	3.0486374327407506e-28	2.725082518111723e-28	1487	tags=51%, list=7%, signal=48%	AT4G04040/AT1G64150/AT1G43670/AT2G04700/AT2G34430/AT1G67840/AT2G45770/AT5G23120/AT5G39830/AT3G12780/AT2G47940/AT4G23890/AT1G02910/AT5G44650/AT2G21970/AT1G70760/AT5G28450/AT5G11450/AT2G39470/AT4G31390/AT1G11750/AT1G29910/AT5G49740/AT1G77090/AT3G56010/AT5G52100/AT5G52520/AT1G34000/AT2G20890/AT3G27690/AT3G01500/AT1G14150/AT5G57030/AT1G20950/AT5G38410/AT4G15510/AT1G19150/AT1G42970/AT3G11670/AT4G30950/AT2G05620/AT5G66190/AT1G29920/AT3G15850/AT2G30950/AT1G76450/AT3G62410/AT5G08720/AT3G27925/AT3G56650/AT1G71500/AT3G55330/AT4G33470/AT3G01480/AT1G68830/AT1G60950/AT3G55800/AT5G01530/AT4G02530/AT2G01590/AT1G54780/AT1G55670/AT1G75690/AT1G45474/AT4G09650/AT5G24120/AT1G79040/AT4G04640/AT5G42270/AT1G67740/AT4G03280/AT1G50250/AT1G67090/AT1G01790/AT4G01050/AT1G15980/AT4G21280/AT1G64770/AT1G03600/AT3G61470/AT1G29930/AT3G04790/AT3G50820/AT4G04850/AT4G35250/AT1G64860/AT1G55480/AT1G08380/AT3G54050/AT4G05180/AT4G22890/AT5G66570/AT2G34420/AT5G02120/AT5G64040/AT1G16720/AT2G30570/AT4G10340/AT1G15820/AT5G54270/AT3G26650/AT3G54890/AT1G61520/AT1G06680/AT2G05070/AT2G46820/AT3G08940/AT3G47470/AT2G05100
GO:0019684	photosynthesis, light reaction	157	-0.8876857131356282	-2.2861931432258324	1.1273647248215565e-25	1.1623130312910248e-22	1.0389555964013397e-22	1316	tags=56%, list=6%, signal=53%	AT2G45770/AT5G23120/AT5G39830/AT2G47940/AT4G23890/AT1G02910/AT5G44650/AT2G21970/AT1G70760/AT5G28450/AT5G11450/AT2G39470/AT4G31390/AT1G29910/AT5G49740/AT1G77090/AT3G56010/AT5G52100/AT1G34000/AT2G20890/AT3G27690/AT1G14150/AT5G57030/AT4G15510/AT1G19150/AT3G11670/AT4G30950/AT2G05620/AT5G66190/AT1G29920/AT3G15850/AT2G30950/AT1G76450/AT5G08720/AT3G27925/AT3G56650/AT1G71500/AT3G55330/AT4G33470/AT3G01480/AT1G68830/AT1G60950/AT5G01530/AT4G02530/AT2G01590/AT1G54780/AT1G55670/AT1G75690/AT1G45474/AT4G09650/AT5G24120/AT1G79040/AT4G04640/AT5G42270/AT1G67740/AT4G03280/AT1G50250/AT4G01050/AT1G15980/AT4G21280/AT1G64770/AT1G03600/AT3G61470/AT1G29930/AT3G50820/AT4G35250/AT1G55480/AT1G08380/AT3G54050/AT4G05180/AT4G22890/AT5G66570/AT2G34420/AT5G02120/AT5G64040/AT1G16720/AT2G30570/AT4G10340/AT1G15820/AT5G54270/AT3G54890/AT1G61520/AT1G06680/AT2G05070/AT2G46820/AT3G08940/AT3G47470/AT2G05100
GO:0006091	generation of precursor metabolites and energy	390	-0.7050581569009625	-1.95670612330016	8.015833875224868e-16	5.509549816904559e-13	4.924815830006576e-13	1430	tags=29%, list=7%, signal=27%	AT3G14940/AT5G40810/AT2G34430/AT4G24620/AT5G52920/AT2G45770/AT5G23120/AT5G39830/AT1G32550/AT1G10960/AT3G12780/AT1G56190/AT2G47940/AT4G23890/AT1G02910/AT5G44650/AT2G21970/AT1G70760/AT5G28450/AT1G30120/AT1G01090/AT5G11450/AT2G39470/AT4G31390/AT1G29910/AT5G49740/AT1G77090/AT3G56010/AT5G52100/AT1G13440/AT1G34000/AT2G18660/AT2G20890/AT3G27690/AT5G35790/AT3G60750/AT1G14150/AT2G42600/AT5G57030/AT4G15510/AT1G19150/AT3G11670/AT5G61410/AT4G30950/AT2G05620/AT5G66190/AT1G29920/AT3G15850/AT2G30950/AT1G32440/AT1G76450/AT5G08720/AT3G27925/AT4G38680/AT3G56650/AT1G71500/AT3G55330/AT4G33470/AT4G26530/AT3G01480/AT1G68830/AT1G60950/AT5G01530/AT4G02530/AT2G01590/AT1G54780/AT1G55670/AT1G75690/AT1G45474/AT4G09650/AT5G24120/AT1G79040/AT4G04640/AT5G42270/AT1G67740/AT4G03280/AT1G50250/AT4G01050/AT1G15980/AT4G21280/AT1G64770/AT1G03600/AT3G61470/AT1G29930/AT4G38970/AT3G04790/AT3G50820/AT4G35250/AT1G55480/AT1G08380/AT3G54050/AT4G05180/AT4G22890/AT5G66570/AT2G34420/AT5G02120/AT5G64040/AT1G16720/AT2G30570/AT5G19220/AT4G10340/AT1G15820/AT5G54270/AT3G54890/AT1G61520/AT1G06680/AT2G05070/AT2G46820/AT3G08940/AT3G47470/AT2G21330/AT2G05100
GO:0009657	plastid organization	301	-0.7052995682586926	-1.920553715526763	1.857342578860615e-12	9.57460099402647e-10	8.558439093644569e-10	2289	tags=33%, list=11%, signal=30%	AT1G49970/AT5G54600/AT4G26150/AT1G11870/AT4G31780/AT1G71720/AT2G32480/AT4G23940/AT5G64050/AT5G65460/AT5G13770/AT1G50840/AT1G32070/AT1G79600/AT1G03160/AT2G46340/AT2G43090/AT4G01150/AT4G34090/AT5G51020/AT3G08010/AT5G26742/AT1G49510/AT5G62430/AT1G45230/AT3G10670/AT2G24060/AT3G53890/AT1G08540/AT2G33800/AT5G53280/AT2G45770/AT5G23120/AT4G35780/AT5G23730/AT3G12780/AT1G42550/AT1G56190/AT2G47940/AT5G44650/AT5G23040/AT4G09620/AT3G63190/AT5G42310/AT1G32500/AT5G21920/AT3G25690/AT1G68590/AT4G31390/AT2G21280/AT1G79850/AT1G12410/AT1G11750/AT5G15450/AT2G07050/AT5G12130/AT3G19720/AT1G62750/AT5G58140/AT2G01110/AT2G20890/AT5G58770/AT5G45390/AT5G44190/AT1G66840/AT4G28740/AT5G10470/AT3G63140/AT5G67385/AT1G50900/AT1G35680/AT2G30950/AT2G38140/AT3G23400/AT3G56910/AT1G65260/AT3G10420/AT3G17040/AT1G64500/AT5G24120/AT1G74730/AT2G28800/AT1G09340/AT1G01790/AT2G20570/AT5G61670/AT4G20360/AT2G30520/AT2G34620/AT1G75100/AT4G04850/AT1G44575/AT1G32080/AT5G08050/AT3G56940/AT3G56290/AT2G46820/AT1G44000/AT3G02380
GO:0009765	photosynthesis, light harvesting	43	-0.9241067527891779	-2.060368534647199	9.821359059681369e-11	4.050328476212596e-8	3.620463097579385e-8	1256	tags=74%, list=6%, signal=70%	AT5G39830/AT2G47940/AT2G21970/AT5G28450/AT1G29910/AT3G27690/AT5G57030/AT1G19150/AT1G29920/AT2G30950/AT3G27925/AT5G01530/AT4G02530/AT1G54780/AT1G75690/AT1G45474/AT1G50250/AT1G03600/AT3G61470/AT1G29930/AT1G55480/AT1G08380/AT2G34420/AT4G10340/AT1G15820/AT5G54270/AT3G54890/AT1G61520/AT2G05070/AT3G08940/AT3G47470/AT2G05100
GO:0009658	chloroplast organization	233	-0.7124909129180377	-1.89460796172163	2.4951038525382565e-10	8.574840239889809e-8	7.66478393999033e-8	2289	tags=30%, list=11%, signal=27%	AT4G26150/AT1G11870/AT2G32480/AT4G23940/AT5G64050/AT5G65460/AT5G13770/AT1G79600/AT2G46340/AT2G43090/AT4G01150/AT4G34090/AT5G51020/AT3G08010/AT5G26742/AT1G49510/AT5G62430/AT1G45230/AT2G24060/AT3G53890/AT1G08540/AT5G53280/AT4G35780/AT5G23730/AT1G42550/AT2G47940/AT5G44650/AT5G23040/AT4G09620/AT3G63190/AT5G42310/AT5G21920/AT3G25690/AT4G31390/AT2G21280/AT1G12410/AT1G11750/AT5G15450/AT3G19720/AT1G62750/AT5G58140/AT5G45390/AT5G44190/AT1G66840/AT4G28740/AT5G10470/AT3G63140/AT5G67385/AT1G50900/AT1G35680/AT2G30950/AT3G23400/AT1G64500/AT5G24120/AT1G74730/AT1G09340/AT1G01790/AT2G20570/AT5G61670/AT4G20360/AT2G30520/AT2G34620/AT1G75100/AT4G04850/AT1G32080/AT5G08050/AT3G56940/AT3G56290/AT2G46820/AT1G44000/AT3G02380
GO:0009767	photosynthetic electron transport chain	55	-0.8761756660051002	-2.015629463319502	2.956270602543574e-9	8.708328546349785e-7	7.784105000080899e-7	1316	tags=56%, list=6%, signal=53%	AT2G45770/AT4G23890/AT1G70760/AT4G31390/AT5G49740/AT1G14150/AT4G30950/AT2G05620/AT5G66190/AT3G15850/AT2G30950/AT1G60950/AT2G01590/AT1G55670/AT4G09650/AT4G04640/AT5G42270/AT1G67740/AT4G03280/AT4G01050/AT1G15980/AT4G21280/AT1G64770/AT3G50820/AT1G08380/AT3G54050/AT4G05180/AT4G22890/AT5G66570/AT5G64040/AT2G46820
GO:0009644	response to high light intensity	67	-0.8431241335354475	-1.977612749138002	8.977044333399843e-9	2.3138331769338096e-6	2.068263766813569e-6	673	tags=45%, list=3%, signal=43%	AT2G39460/AT3G55280/AT4G28610/AT2G21970/AT4G14690/AT3G27690/AT4G30950/AT2G05620/AT3G15850/AT2G30950/AT4G32770/AT3G18780/AT4G34190/AT1G45474/AT5G42270/AT1G67740/AT2G47450/AT5G64940/AT3G61470/AT3G50820/AT4G04850/AT1G55480/AT5G66570/AT5G02120/AT5G54270/AT3G54890/AT1G61520/AT2G05070/AT3G47470/AT2G05100
GO:0043467	regulation of generation of precursor metabolites and energy	32	-0.9305562657704168	-1.9674421735947634	1.6632032845168614e-8	3.810583525193076e-6	3.406162516010555e-6	434	tags=50%, list=2%, signal=49%	AT3G11670/AT4G30950/AT3G15850/AT2G30950/AT5G08720/AT4G38680/AT1G71500/AT4G33470/AT3G01480/AT1G68830/AT1G55670/AT5G42270/AT1G67740/AT3G50820/AT5G66570/AT2G30570
GO:0042548	regulation of photosynthesis, light reaction	29	-0.9303480695378008	-1.9355693696308516	2.8282491785199138e-8	5.831849806108062e-6	5.212909801671967e-6	434	tags=52%, list=2%, signal=51%	AT3G11670/AT4G30950/AT3G15850/AT2G30950/AT5G08720/AT1G71500/AT4G33470/AT3G01480/AT1G68830/AT1G55670/AT5G42270/AT1G67740/AT3G50820/AT5G66570/AT2G30570
GO:0010109	regulation of photosynthesis	48	-0.8763037452000869	-1.9744718336807647	4.005788967517968e-8	6.8764541967619845e-6	6.146649292220244e-6	930	tags=44%, list=5%, signal=42%	AT4G31390/AT5G52520/AT3G11670/AT4G30950/AT3G15850/AT2G30950/AT3G62410/AT5G08720/AT1G71500/AT4G33470/AT3G01480/AT1G68830/AT1G55670/AT5G42270/AT1G67740/AT1G01790/AT3G50820/AT4G04850/AT1G64860/AT5G66570/AT2G30570
GO:0046148	pigment biosynthetic process	134	-0.7505154372447347	-1.9007496506231913	3.941130489619574e-8	6.8764541967619845e-6	6.146649292220244e-6	1896	tags=34%, list=9%, signal=31%	AT5G45930/AT5G17050/AT5G13930/AT4G31920/AT1G63970/AT4G14210/AT3G53130/AT1G69740/AT1G03630/AT5G08280/AT1G10657/AT4G31390/AT4G25700/AT2G42810/AT3G04870/AT2G26670/AT4G14690/AT5G57030/AT5G44190/AT2G40490/AT5G52570/AT5G47110/AT1G08520/AT1G30530/AT4G18480/AT2G30390/AT3G11945/AT4G17600/AT1G06000/AT4G15560/AT2G41680/AT3G10230/AT1G78570/AT1G58290/AT3G59400/AT2G20570/AT5G61670/AT2G35260/AT1G74470/AT1G75040/AT4G25080/AT5G17230/AT3G51820/AT1G44446/AT3G56940/AT5G67030
GO:0042440	pigment metabolic process	172	-0.7118461615697879	-1.8388659097213378	4.335300899995432e-8	6.8764541967619845e-6	6.146649292220244e-6	1739	tags=30%, list=8%, signal=27%	AT5G13930/AT4G31920/AT1G63970/AT1G19670/AT4G14210/AT3G53130/AT1G69740/AT1G69720/AT4G08920/AT1G03630/AT5G08280/AT1G10657/AT5G05860/AT4G31390/AT4G25700/AT2G32950/AT2G42810/AT3G04870/AT2G26670/AT4G14690/AT2G20890/AT5G57030/AT5G44190/AT2G40490/AT5G52570/AT5G47110/AT1G08520/AT1G30530/AT4G18480/AT2G30390/AT3G11945/AT4G17600/AT1G08450/AT1G06000/AT4G15560/AT2G41680/AT3G10230/AT1G78570/AT1G58290/AT3G59400/AT2G20570/AT5G61670/AT2G35260/AT1G74470/AT1G75040/AT4G25080/AT5G17230/AT3G51820/AT1G44446/AT3G56940/AT5G67030
GO:0009768	photosynthesis, light harvesting in photosystem I	23	-0.9420035085075864	-1.8976239566957902	1.7640165434735964e-7	2.598144366173254e-5	2.3224007275355394e-5	843	tags=83%, list=4%, signal=79%	AT1G29910/AT3G27690/AT1G19150/AT1G29920/AT5G01530/AT1G45474/AT3G61470/AT1G29930/AT1G08380/AT2G34420/AT4G10340/AT1G15820/AT5G54270/AT3G54890/AT1G61520/AT2G05070/AT3G08940/AT3G47470/AT2G05100
GO:0071214	cellular response to abiotic stimulus	213	-0.6761980708066964	-1.7832526863672973	2.8541823104974647e-7	3.6783274526536076e-5	3.2879429116322765e-5	2063	tags=27%, list=10%, signal=24%	AT4G28860/AT1G70940/AT4G16830/AT1G56510/AT2G32010/AT2G46340/AT4G18130/AT2G32860/AT1G49510/AT4G20940/AT3G52740/AT4G08920/AT1G08540/AT2G01830/AT1G14320/AT5G49230/AT4G28610/AT2G21970/AT4G38740/AT2G36990/AT5G05860/AT2G24790/AT2G42810/AT3G21150/AT1G33240/AT2G21320/AT5G58140/AT3G17609/AT5G57345/AT2G26670/AT4G14690/AT3G27690/AT2G24540/AT2G46790/AT4G34220/AT2G05620/AT2G43010/AT1G10470/AT5G43630/AT2G42690/AT4G34190/AT5G24120/AT1G09340/AT1G01790/AT1G68010/AT1G03600/AT2G34620/AT3G59060/AT1G75100/AT4G04850/AT1G64860/AT1G32080/AT1G58520/AT1G07180/AT2G05070/AT3G22231/AT2G05100
GO:0104004	cellular response to environmental stimulus	213	-0.6761980708066964	-1.7832526863672973	2.8541823104974647e-7	3.6783274526536076e-5	3.2879429116322765e-5	2063	tags=27%, list=10%, signal=24%	AT4G28860/AT1G70940/AT4G16830/AT1G56510/AT2G32010/AT2G46340/AT4G18130/AT2G32860/AT1G49510/AT4G20940/AT3G52740/AT4G08920/AT1G08540/AT2G01830/AT1G14320/AT5G49230/AT4G28610/AT2G21970/AT4G38740/AT2G36990/AT5G05860/AT2G24790/AT2G42810/AT3G21150/AT1G33240/AT2G21320/AT5G58140/AT3G17609/AT5G57345/AT2G26670/AT4G14690/AT3G27690/AT2G24540/AT2G46790/AT4G34220/AT2G05620/AT2G43010/AT1G10470/AT5G43630/AT2G42690/AT4G34190/AT5G24120/AT1G09340/AT1G01790/AT1G68010/AT1G03600/AT2G34620/AT3G59060/AT1G75100/AT4G04850/AT1G64860/AT1G32080/AT1G58520/AT1G07180/AT2G05070/AT3G22231/AT2G05100
GO:0009642	response to light intensity	159	-0.705804354276783	-1.8215133053498656	4.482459760056399e-7	5.4369600148448794e-5	4.8599300556400955e-5	697	tags=27%, list=3%, signal=26%	AT2G39460/AT3G55280/AT3G19480/AT4G28610/AT2G21970/AT2G32950/AT1G34000/AT4G14690/AT3G27690/AT5G16400/AT3G62030/AT4G30950/AT2G05620/AT2G43010/AT3G15850/AT2G30950/AT4G32770/AT3G02730/AT3G18780/AT1G68830/AT1G60950/AT4G34190/AT1G45474/AT5G42270/AT1G67740/AT2G47450/AT1G01790/AT5G64940/AT1G03600/AT3G61470/AT3G59060/AT3G50820/AT4G04850/AT1G55480/AT5G66570/AT5G02120/AT5G46110/AT5G54270/AT3G54890/AT1G61520/AT2G05070/AT3G47470/AT2G05100
GO:0008380	RNA splicing	309	0.5377534149792393	1.6959429252774032	5.993966972318415e-7	6.866422164955874e-5	6.137681969900319e-5	3072	tags=22%, list=15%, signal=19%	AT2G21660/AT5G63370/AT4G38780/AT1G09140/AT4G03430/AT2G46610/AT1G20920/AT4G39260/AT3G49130/AT5G46920/AT5G42820/AT1G32490/AT1G65660/AT4G18930/AT4G35500/AT4G02430/AT2G37340/AT5G13010/AT2G42330/AT2G30000/AT3G57360/AT1G51380/AT1G01940/AT5G60870/AT3G24730/AT1G14640/AT3G16650/AT4G08580/AT1G66345/AT1G19290/AT5G27860/AT3G07860/AT1G54380/AT2G18510/AT2G33340/AT1G60900/AT4G25500/AT3G14700/AT1G05600/AT1G80060/AT4G36690/AT3G07790/AT1G07350/AT5G45990/AT5G05430/AT1G76300/AT2G43960/AT1G66510/AT2G17520/AT1G23400/AT3G22310/AT1G07910/AT3G53460/AT3G27550/AT4G18520/AT4G33370/AT1G03910/AT5G06420/AT2G39120/AT4G34140/AT4G01037/AT3G61360/AT3G22330/AT1G55310/AT3G48250/AT2G17530/AT2G43370
GO:0071456	cellular response to hypoxia	229	0.5710435097516593	1.7531650974160171	1.7257679574472473e-6	1.8507853945456666e-4	1.6543597048595957e-4	2391	tags=29%, list=12%, signal=26%	AT3G46230/AT1G77120/AT5G54960/AT2G15890/AT1G03220/AT4G34131/AT3G03270/AT2G36460/AT2G36800/AT1G72900/AT3G10020/AT4G30280/AT4G10250/AT5G12020/AT5G12030/AT5G20250/AT5G47060/AT3G25250/AT5G05410/AT5G20230/AT3G05120/AT5G20830/AT2G32210/AT1G76600/AT4G26270/AT1G59860/AT4G32480/AT1G07400/AT5G37670/AT1G74310/AT3G49780/AT1G30040/AT5G66650/AT3G24500/AT2G40140/AT3G23150/AT5G35735/AT5G62520/AT4G24110/AT5G54940/AT2G41430/AT1G76680/AT1G01720/AT5G63130/AT5G59820/AT4G20860/AT1G69890/AT1G73010/AT2G47520/AT2G36220/AT3G02040/AT3G23170/AT5G57510/AT5G20150/AT1G61340/AT1G07135/AT1G32928/AT4G17230/AT3G46080/AT4G33070/AT1G55810/AT5G63790/AT3G08720/AT5G04340/AT5G41080/AT1G27730
GO:0009451	RNA modification	343	0.5214972831642614	1.6531517005627914	1.7951361731771743e-6	1.8507853945456666e-4	1.6543597048595957e-4	5043	tags=50%, list=24%, signal=39%	AT3G24000/AT5G26880/AT4G02940/AT5G04780/AT4G26600/AT4G37380/AT3G49170/AT5G37570/AT4G38010/AT1G32580/AT1G34160/AT2G42920/AT4G39952/AT4G14820/AT3G28640/AT3G03580/AT1G31790/AT1G15480/AT2G17210/AT3G15000/AT3G06950/AT1G53260/AT3G28660/AT2G04860/AT2G41750/AT1G15510/AT4G31070/AT1G06710/AT4G18750/AT2G37310/AT3G13880/AT2G01510/AT1G25360/AT3G26782/AT1G77010/AT5G39350/AT3G12770/AT2G02750/AT3G58590/AT3G49142/AT1G09190/AT5G44230/AT1G06560/AT1G68930/AT5G27110/AT4G14050/AT4G35130/AT4G02750/AT5G47680/AT5G50990/AT5G06540/AT1G09410/AT4G14850/AT4G11690/AT2G13600/AT1G23450/AT1G20230/AT3G08820/AT1G26900/AT3G11460/AT1G50270/AT3G47530/AT5G13270/AT5G08305/AT2G47420/AT5G24670/AT3G25060/AT4G18520/AT1G71460/AT4G32450/AT5G19020/AT3G49740/AT2G33760/AT1G77170/AT5G61030/AT4G37170/AT4G21065/AT2G33680/AT5G08510/AT3G15130/AT3G46790/AT1G03510/AT2G20540/AT4G08210/AT2G39140/AT4G22760/AT1G62260/AT5G39680/AT1G53600/AT2G03380/AT1G33350/AT3G56550/AT2G34400/AT5G66180/AT4G17610/AT5G52850/AT2G21090/AT2G22070/AT5G13230/AT1G17630/AT3G18970/AT2G35030/AT3G53360/AT1G14470/AT5G59600/AT2G35240/AT5G44780/AT4G39530/AT3G02010/AT3G57430/AT4G33990/AT3G04750/AT4G13860/AT4G20020/AT1G71490/AT3G19440/AT4G32430/AT2G18410/AT5G56310/AT3G23330/AT3G02330/AT1G08070/AT2G27610/AT3G21470/AT2G29760/AT2G44270/AT5G47460/AT5G52630/AT5G66360/AT1G56690/AT3G16610/AT1G69350/AT4G13650/AT3G26410/AT3G62890/AT5G08490/AT1G04840/AT5G40405/AT1G43980/AT4G14170/AT3G51320/AT4G33170/AT5G37530/AT3G09040/AT4G04370/AT1G05750/AT1G28690/AT5G55920/AT3G22690/AT1G06140/AT3G06790/AT2G22410/AT3G47840/AT5G15300/AT5G13680/AT4G20770/AT4G16835/AT3G23630/AT4G19220/AT5G42450/AT4G27340/AT1G74230/AT3G14730/AT3G25970/AT5G51130/AT1G72530/AT1G49540/AT3G11220/AT5G59200/AT4G19191/AT1G74630/AT5G18180
GO:0033014	tetrapyrrole biosynthetic process	74	-0.78245597812646706	-1.8640520575668347	3.538238166185398e-6	3.474212904130615e-4	3.105491242601821e-4	2518	tags=53%, list=12%, signal=46%	AT3G16857/AT3G14110/AT4G27430/AT1G50170/AT4G26150/AT5G58250/AT3G48730/AT5G54190/AT5G45930/AT4G31920/AT1G63970/AT1G69740/AT1G03630/AT5G08280/AT1G10657/AT4G31390/AT2G42810/AT2G26670/AT4G14690/AT5G44190/AT2G40490/AT5G47110/AT1G08520/AT5G66190/AT4G18480/AT2G30390/AT4G17600/AT4G01690/AT4G15560/AT2G41680/AT1G58290/AT3G59400/AT2G20570/AT2G35260/AT1G74470/AT4G25080/AT3G51820/AT1G44446/AT3G56940
GO:0006779	porphyrin-containing compound biosynthetic process	70	-0.7830998570346174	-1.8467478841196874	6.754772767587208e-6	6.331064293984011e-4	5.659142160787178e-4	2518	tags=53%, list=12%, signal=47%	AT3G16857/AT3G14110/AT4G27430/AT1G50170/AT4G26150/AT5G58250/AT3G48730/AT5G54190/AT5G45930/AT4G31920/AT1G63970/AT1G69740/AT1G03630/AT5G08280/AT1G10657/AT4G31390/AT2G42810/AT4G14690/AT5G44190/AT2G40490/AT5G47110/AT1G08520/AT4G18480/AT2G30390/AT4G17600/AT4G01690/AT4G15560/AT2G41680/AT1G58290/AT3G59400/AT2G20570/AT2G35260/AT1G74470/AT4G25080/AT3G51820/AT1G44446/AT3G56940
GO:0036294	cellular response to decreased oxygen levels	231	0.5572490667050299	1.7153857970274842	8.446378045837887e-6	7.256846471049051e-4	6.486670157132518e-4	2391	tags=29%, list=12%, signal=26%	AT3G46230/AT1G77120/AT5G54960/AT2G15890/AT1G03220/AT4G34131/AT3G03270/AT2G36460/AT2G36800/AT1G72900/AT3G10020/AT4G30280/AT4G10250/AT5G12020/AT5G12030/AT5G20250/AT5G47060/AT3G25250/AT5G05410/AT5G20230/AT3G05120/AT5G20830/AT2G32210/AT1G76600/AT4G26270/AT1G59860/AT4G32480/AT1G07400/AT5G37670/AT1G74310/AT3G49780/AT1G30040/AT5G66650/AT3G24500/AT2G40140/AT3G23150/AT5G35735/AT5G62520/AT4G24110/AT5G54940/AT2G41430/AT1G76680/AT1G01720/AT5G63130/AT5G59820/AT4G20860/AT1G69890/AT1G73010/AT2G47520/AT2G36220/AT3G02040/AT3G23170/AT5G57510/AT5G20150/AT1G61340/AT1G07135/AT1G32928/AT4G17230/AT3G46080/AT4G33070/AT1G55810/AT5G63790/AT3G08720/AT5G04340/AT5G41080/AT1G27730
GO:0071453	cellular response to oxygen levels	231	0.5572490667050299	1.7153857970274842	8.446378045837887e-6	7.256846471049051e-4	6.486670157132518e-4	2391	tags=29%, list=12%, signal=26%	AT3G46230/AT1G77120/AT5G54960/AT2G15890/AT1G03220/AT4G34131/AT3G03270/AT2G36460/AT2G36800/AT1G72900/AT3G10020/AT4G30280/AT4G10250/AT5G12020/AT5G12030/AT5G20250/AT5G47060/AT3G25250/AT5G05410/AT5G20230/AT3G05120/AT5G20830/AT2G32210/AT1G76600/AT4G26270/AT1G59860/AT4G32480/AT1G07400/AT5G37670/AT1G74310/AT3G49780/AT1G30040/AT5G66650/AT3G24500/AT2G40140/AT3G23150/AT5G35735/AT5G62520/AT4G24110/AT5G54940/AT2G41430/AT1G76680/AT1G01720/AT5G63130/AT5G59820/AT4G20860/AT1G69890/AT1G73010/AT2G47520/AT2G36220/AT3G02040/AT3G23170/AT5G57510/AT5G20150/AT1G61340/AT1G07135/AT1G32928/AT4G17230/AT3G46080/AT4G33070/AT1G55810/AT5G63790/AT3G08720/AT5G04340/AT5G41080/AT1G27730
GO:0000398	mRNA splicing, via spliceosome	221	0.556464269638565	1.7026803117318992	1.2019050547322644e-5	9.87573947859883e-4	8.827617452155063e-4	2308	tags=18%, list=11%, signal=16%	AT2G21660/AT5G63370/AT4G38780/AT1G09140/AT4G03430/AT2G46610/AT1G20920/AT4G39260/AT3G49130/AT5G42820/AT4G35500/AT4G02430/AT2G37340/AT5G13010/AT2G42330/AT2G30000/AT1G51380/AT1G01940/AT3G24730/AT1G14640/AT3G16650/AT4G08580/AT5G27860/AT3G07860/AT1G54380/AT2G18510/AT2G33340/AT1G60900/AT4G25500/AT3G14700/AT1G80060/AT4G36690/AT3G07790/AT1G07350/AT5G45990/AT5G05430/AT1G76300/AT2G43960/AT1G66510
GO:0000375	RNA splicing, via transesterification reactions	248	0.5380790354445284	1.6768023804257484	1.2931375650929603e-5	9.87573947859883e-4	8.827617452155063e-4	3072	tags=22%, list=15%, signal=19%	AT2G21660/AT5G63370/AT4G38780/AT1G09140/AT4G03430/AT2G46610/AT1G20920/AT4G39260/AT3G49130/AT5G46920/AT5G42820/AT4G35500/AT4G02430/AT2G37340/AT5G13010/AT2G42330/AT2G30000/AT1G51380/AT1G01940/AT3G24730/AT1G14640/AT3G16650/AT4G08580/AT1G66345/AT5G27860/AT3G07860/AT1G54380/AT2G18510/AT2G33340/AT1G60900/AT4G25500/AT3G14700/AT1G80060/AT4G36690/AT3G07790/AT1G07350/AT5G45990/AT5G05430/AT1G76300/AT2G43960/AT1G66510/AT1G23400/AT3G22310/AT3G27550/AT4G33370/AT1G03910/AT2G39120/AT4G34140/AT4G01037/AT3G61360/AT3G22330/AT1G55310/AT2G17530/AT2G43370
GO:0000377	RNA splicing, via transesterification reactions with bulged adenosine as nucleophile	248	0.5380790354445284	1.6768023804257484	1.2931375650929603e-5	9.87573947859883e-4	8.827617452155063e-4	3072	tags=22%, list=15%, signal=19%	AT2G21660/AT5G63370/AT4G38780/AT1G09140/AT4G03430/AT2G46610/AT1G20920/AT4G39260/AT3G49130/AT5G46920/AT5G42820/AT4G35500/AT4G02430/AT2G37340/AT5G13010/AT2G42330/AT2G30000/AT1G51380/AT1G01940/AT3G24730/AT1G14640/AT3G16650/AT4G08580/AT1G66345/AT5G27860/AT3G07860/AT1G54380/AT2G18510/AT2G33340/AT1G60900/AT4G25500/AT3G14700/AT1G80060/AT4G36690/AT3G07790/AT1G07350/AT5G45990/AT5G05430/AT1G76300/AT2G43960/AT1G66510/AT1G23400/AT3G22310/AT3G27550/AT4G33370/AT1G03910/AT2G39120/AT4G34140/AT4G01037/AT3G61360/AT3G22330/AT1G55310/AT2G17530/AT2G43370
GO:0016116	carotenoid metabolic process	37	-0.8503963760965676	-1.8461423415657132	1.7327446781564682e-5	0.0012357233972970652	0.0011045748474486504	1726	tags=49%, list=8%, signal=45%	AT1G63970/AT4G14210/AT3G53130/AT1G57770/AT4G31390/AT4G25700/AT4G19170/AT3G04870/AT2G26670/AT5G57030/AT4G00370/AT5G52570/AT3G11945/AT4G32770/AT3G10230/AT5G61670/AT5G17230/AT5G67030
GO:0015995	chlorophyll biosynthetic process	53	-0.8059218743769588	-1.8305874964357824	1.757584897508358e-5	0.0012357233972970652	0.0011045748474486504	1236	tags=58%, list=6%, signal=55%	AT3G16857/AT3G14110/AT4G27430/AT4G26150/AT5G58250/AT5G54190/AT5G45930/AT4G31920/AT1G63970/AT1G03630/AT5G08280/AT1G10657/AT4G31390/AT2G42810/AT4G14690/AT5G44190/AT5G47110/AT1G08520/AT4G18480/AT4G17600/AT4G15560/AT2G41680/AT1G58290/AT3G59400/AT2G20570/AT2G35260/AT1G74470/AT4G25080/AT3G51820/AT1G44446/AT3G56940
GO:0001666	response to hypoxia	256	0.5399864256927389	1.6858228173474938	1.8577800832303116e-5	0.0012357233972970652	0.0011045748474486504	2391	tags=28%, list=12%, signal=25%	AT3G46230/AT1G77120/AT5G54960/AT2G15890/AT1G03220/AT4G34131/AT3G03270/AT2G36460/AT2G36800/AT1G72900/AT3G10020/AT1G72330/AT4G30280/AT4G10250/AT5G12020/AT5G25110/AT5G12030/AT1G53910/AT5G20250/AT5G47060/AT3G25250/AT5G05410/AT5G20230/AT3G05120/AT5G20830/AT2G32210/AT1G76600/AT4G26270/AT3G14230/AT1G59860/AT4G32480/AT1G07400/AT5G37670/AT1G74310/AT3G49780/AT1G30040/AT5G66650/AT3G24500/AT2G40140/AT3G23150/AT5G35735/AT5G62520/AT4G24110/AT5G54940/AT2G41430/AT1G76680/AT1G01720/AT5G63130/AT5G59820/AT4G20860/AT1G69890/AT1G73010/AT2G47520/AT2G36220/AT3G02040/AT3G23170/AT5G57510/AT5G20150/AT1G61340/AT1G07135/AT1G32928/AT4G17230/AT3G46080/AT4G33070/AT1G55810/AT5G63790/AT3G08720/AT5G04340/AT5G03730/AT5G41080/AT1G27730
GO:0036293	response to decreased oxygen levels	260	0.5236719915043936	1.6312701162990888	1.8441124015235813e-5	0.0012357233972970652	0.0011045748474486504	2391	tags=27%, list=12%, signal=24%	AT3G46230/AT1G77120/AT5G54960/AT2G15890/AT1G03220/AT4G34131/AT3G03270/AT2G36460/AT2G36800/AT1G72900/AT3G10020/AT1G72330/AT4G30280/AT4G10250/AT5G12020/AT5G25110/AT5G12030/AT1G53910/AT5G20250/AT5G47060/AT3G25250/AT5G05410/AT5G20230/AT3G05120/AT5G20830/AT2G32210/AT1G76600/AT4G26270/AT3G14230/AT1G59860/AT4G32480/AT1G07400/AT5G37670/AT1G74310/AT3G49780/AT1G30040/AT5G66650/AT3G24500/AT2G40140/AT3G23150/AT5G35735/AT5G62520/AT4G24110/AT5G54940/AT2G41430/AT1G76680/AT1G01720/AT5G63130/AT5G59820/AT4G20860/AT1G69890/AT1G73010/AT2G47520/AT2G36220/AT3G02040/AT3G23170/AT5G57510/AT5G20150/AT1G61340/AT1G07135/AT1G32928/AT4G17230/AT3G46080/AT4G33070/AT1G55810/AT5G63790/AT3G08720/AT5G04340/AT5G03730/AT5G41080/AT1G27730
GO:0010207	photosystem II assembly	27	-0.8909254947969305	-1.848276337709099	2.166715813114403e-5	0.0013961775020755935	0.0012479997989353025	1468	tags=59%, list=7%, signal=55%	AT1G64150/AT5G23120/AT1G02910/AT1G34000/AT2G20890/AT1G71500/AT5G24120/AT1G79040/AT1G03600/AT3G50820/AT4G35250/AT1G55480/AT5G66570/AT5G02120/AT1G16720/AT4G10340
GO:0033013	tetrapyrrole metabolic process	104	-0.7068987690594531	-1.758627314550748	2.8333393360041732e-5	0.0017704077911638197	0.001582512656249859	1734	tags=35%, list=8%, signal=32%	AT4G31920/AT1G63970/AT1G19670/AT1G69740/AT1G69720/AT1G03630/AT5G08280/AT1G10657/AT4G31390/AT2G42810/AT2G26670/AT4G14690/AT2G20890/AT5G44190/AT2G40490/AT5G47110/AT1G08520/AT5G66190/AT4G18480/AT2G30390/AT4G17600/AT4G32770/AT4G01690/AT4G15560/AT2G41680/AT5G01410/AT1G58290/AT3G59400/AT2G20570/AT2G35260/AT1G74470/AT5G38520/AT4G25080/AT3G51820/AT1G44446/AT3G56940
GO:0009651	response to salt stress	473	0.4509157717415898	1.482556977799353	3.200408076989439e-5	0.0019409533690447716	0.0017349580627890114	1562	tags=17%, list=8%, signal=16%	AT2G21660/AT3G46230/AT1G77120/AT2G19450/AT4G39090/AT5G14800/AT5G24770/AT3G05880/AT5G52300/AT3G50500/AT1G53540/AT2G47770/AT5G46180/AT1G54100/AT1G47510/AT1G74920/AT5G66880/AT5G13330/AT2G29500/AT5G59310/AT5G67480/AT1G10170/AT2G37770/AT4G10250/AT2G23110/AT5G22500/AT5G24030/AT5G12020/AT3G22200/AT5G12030/AT2G47180/AT2G03760/AT2G38340/AT1G08920/AT5G29000/AT4G23600/AT1G05680/AT5G27600/AT2G19310/AT5G62530/AT5G14920/AT3G50940/AT3G51390/AT3G02140/AT2G37760/AT4G21870/AT3G63060/AT2G33380/AT3G60140/AT4G04330/AT4G34710/AT4G32150/AT1G16850/AT3G46930/AT3G05360/AT1G59860/AT5G49450/AT3G23250/AT5G57630/AT1G07400/AT5G37670/AT5G08520/AT2G40140/AT3G48360/AT5G24090/AT3G47950/AT1G08930/AT5G39610/AT1G26440/AT5G62520/AT2G20880/AT5G19330/AT5G52310/AT4G40010/AT1G18630/AT3G19490/AT3G14440/AT1G13930/AT1G43160
GO:0022904	respiratory electron transport chain	47	0.7740165906127456	1.9215113644974764	3.7543696076926306e-5	0.0021781149750669812	0.0019469494723274717	1841	tags=21%, list=9%, signal=19%	ATMG01360/ATMG00160/AT5G25450/ATMG00650/AT3G27380/AT3G10860/AT4G10040/AT1G22840/AT1G52710/AT5G51040
GO:0015994	chlorophyll metabolic process	79	-0.7442345319937043	-1.7997957542391636	3.802722555888037e-5	0.0021781149750669812	0.0019469494723274717	1236	tags=33%, list=6%, signal=31%	AT1G03630/AT5G08280/AT1G10657/AT4G31390/AT2G42810/AT4G14690/AT2G20890/AT5G44190/AT5G47110/AT1G08520/AT4G18480/AT4G17600/AT4G32770/AT4G15560/AT2G41680/AT5G01410/AT1G58290/AT3G59400/AT2G20570/AT2G35260/AT1G74470/AT5G38520/AT4G25080/AT3G51820/AT1G44446/AT3G56940
GO:0051259	protein complex oligomerization	50	0.7649776293385018	1.9136068048137331	4.2570289508423576e-5	0.002372430728820795	0.0021206423023968617	1932	tags=34%, list=9%, signal=31%	AT3G46230/AT1G53540/AT2G29500/AT4G10250/AT5G12020/AT5G12030/AT2G19310/AT4G21870/AT3G28007/AT5G23660/AT3G17880/AT1G59860/AT1G07400/AT5G37670/AT1G73010/AT5G59720/AT1G64660
GO:0070482	response to oxygen levels	261	0.5236146412486639	1.6314172725879226	4.600842847348619e-5	0.0024965626187454875	0.0022315999517195104	2391	tags=27%, list=12%, signal=24%	AT3G46230/AT1G77120/AT5G54960/AT2G15890/AT1G03220/AT4G34131/AT3G03270/AT2G36460/AT2G36800/AT1G72900/AT3G10020/AT1G72330/AT4G30280/AT4G10250/AT5G12020/AT5G25110/AT5G12030/AT1G53910/AT5G20250/AT5G47060/AT3G25250/AT5G05410/AT5G20230/AT3G05120/AT5G20830/AT2G32210/AT1G76600/AT4G26270/AT3G14230/AT1G59860/AT4G32480/AT1G07400/AT5G37670/AT1G74310/AT3G49780/AT1G30040/AT5G66650/AT3G24500/AT2G40140/AT3G23150/AT5G35735/AT5G62520/AT4G24110/AT5G54940/AT2G41430/AT1G76680/AT1G01720/AT5G63130/AT5G59820/AT4G20860/AT1G69890/AT1G73010/AT2G47520/AT2G36220/AT3G02040/AT3G23170/AT5G57510/AT5G20150/AT1G61340/AT1G07135/AT1G32928/AT4G17230/AT3G46080/AT4G33070/AT1G55810/AT5G63790/AT3G08720/AT5G04340/AT5G03730/AT5G41080/AT1G27730
GO:0010196	nonphotochemical quenching	18	-0.9189255874118366	-1.780339104708681	6.258408602933827e-5	0.003226209634812388	0.002883808806246614	561	tags=44%, list=3%, signal=43%	AT1G56500/AT1G74730/AT4G03280/AT4G04850/AT1G44575/AT5G08050/AT4G10340/AT1G15820
GO:1990066	energy quenching	18	-0.9189255874118366	-1.780339104708681	6.258408602933827e-5	0.003226209634812388	0.002883808806246614	561	tags=44%, list=3%, signal=43%	AT1G56500/AT1G74730/AT4G03280/AT4G04850/AT1G44575/AT5G08050/AT4G10340/AT1G15820
GO:0016109	tetraterpenoid biosynthetic process	26	-0.870106489798418	-1.7849630438324546	6.585298551806113e-5	0.0032330680032914773	0.0028899392892763167	1726	tags=54%, list=8%, signal=49%	AT1G63970/AT4G14210/AT3G53130/AT4G31390/AT4G25700/AT3G04870/AT2G26670/AT5G57030/AT5G52570/AT3G11945/AT3G10230/AT5G61670/AT5G17230/AT5G67030
GO:0016117	carotenoid biosynthetic process	26	-0.870106489798418	-1.7849630438324546	6.585298551806113e-5	0.0032330680032914773	0.0028899392892763167	1726	tags=54%, list=8%, signal=49%	AT1G63970/AT4G14210/AT3G53130/AT4G31390/AT4G25700/AT3G04870/AT2G26670/AT5G57030/AT5G52570/AT3G11945/AT3G10230/AT5G61670/AT5G17230/AT5G67030
GO:0007005	mitochondrion organization	118	0.6322434932714767	1.76278904288122	6.901308340564212e-5	0.0033094180926147455	0.0029581862678893355	3568	tags=36%, list=17%, signal=30%	AT4G26670/AT5G09570/AT2G14120/AT4G27585/AT3G27280/AT4G14615/AT5G46920/AT3G03060/AT2G39725/AT1G44890/AT5G60870/AT5G61990/AT1G66345/AT5G67490/AT4G28510/AT1G03860/AT1G76060/AT4G36580/AT5G16420/AT1G06710/AT1G62730/AT5G51040/AT2G29530/AT3G63150/AT5G54100/AT3G25120/AT3G05790/AT5G40660/AT2G40090/AT5G16930/AT2G18330/AT3G62810/AT5G12390/AT5G27760/AT3G03420/AT5G13610/AT5G40770/AT5G22350/AT3G28700/AT2G47690/AT3G62790/AT5G11770/AT3G23990
GO:0071478	cellular response to radiation	111	-0.6892397516192421	-1.7271817685146353	8.205525111358996e-5	0.003845407449914148	0.0034372905430597135	1532	tags=31%, list=7%, signal=29%	AT4G20940/AT3G52740/AT4G08920/AT1G08540/AT1G14320/AT5G49230/AT4G28610/AT2G21970/AT4G38740/AT2G36990/AT2G24790/AT2G42810/AT3G21150/AT2G21320/AT5G58140/AT3G17609/AT2G26670/AT4G14690/AT2G24540/AT2G46790/AT2G05620/AT2G43010/AT1G10470/AT5G43630/AT2G42690/AT4G34190/AT5G24120/AT1G68010/AT1G03600/AT3G59060/AT1G75100/AT1G64860/AT1G07180/AT3G22231
GO:0071482	cellular response to light stimulus	106	-0.6899450847338175	-1.7187332935746231	8.914725880076922e-5	0.004084925503270803	0.003651388307839693	1532	tags=32%, list=7%, signal=30%	AT4G20940/AT3G52740/AT4G08920/AT1G08540/AT1G14320/AT5G49230/AT4G28610/AT2G21970/AT4G38740/AT2G36990/AT2G24790/AT2G42810/AT3G21150/AT2G21320/AT5G58140/AT3G17609/AT2G26670/AT4G14690/AT2G24540/AT2G46790/AT2G05620/AT2G43010/AT1G10470/AT5G43630/AT2G42690/AT4G34190/AT5G24120/AT1G68010/AT1G03600/AT3G59060/AT1G75100/AT1G64860/AT1G07180/AT3G22231
GO:0009645	response to low light intensity stimulus	20	-0.9072595220163315	-1.8007105476798664	9.285902939066033e-5	0.004162506926163948	0.0037207359373694795	650	tags=50%, list=3%, signal=48%	AT3G27690/AT2G43010/AT1G45474/AT3G61470/AT3G59060/AT3G54890/AT1G61520/AT2G05070/AT3G47470/AT2G05100
GO:0006778	porphyrin-containing compound metabolic process	102	-0.7040578614510421	-1.7471280155179465	9.768934573783534e-5	0.004285860232157797	0.0038309976346461295	1734	tags=43%, list=8%, signal=40%	AT3G16857/AT3G14110/AT4G27430/AT1G50170/AT4G26150/AT5G58250/AT3G48730/AT5G54190/AT5G45930/AT4G31920/AT1G63970/AT1G19670/AT1G69740/AT1G69720/AT1G03630/AT5G08280/AT1G10657/AT4G31390/AT2G42810/AT2G26670/AT4G14690/AT2G20890/AT5G44190/AT2G40490/AT5G47110/AT1G08520/AT4G18480/AT2G30390/AT4G17600/AT4G32770/AT4G01690/AT4G15560/AT2G41680/AT5G01410/AT1G58290/AT3G59400/AT2G20570/AT2G35260/AT1G74470/AT5G38520/AT4G25080/AT3G51820/AT1G44446/AT3G56940
GO:0022900	electron transport chain	116	-0.6770549205107114	-1.7007570365589522	1.009545368544595e-4	0.004336838645706156	0.003876565658599969	1419	tags=29%, list=7%, signal=27%	AT5G40810/AT2G45770/AT1G32550/AT1G10960/AT4G23890/AT1G70760/AT4G31390/AT5G49740/AT1G14150/AT4G30950/AT2G05620/AT5G66190/AT3G15850/AT2G30950/AT1G60950/AT2G01590/AT1G55670/AT4G09650/AT4G04640/AT5G42270/AT1G67740/AT4G03280/AT4G01050/AT1G15980/AT4G21280/AT1G64770/AT3G50820/AT1G08380/AT3G54050/AT4G05180/AT4G22890/AT5G66570/AT5G64040/AT2G46820
GO:0008610	lipid biosynthetic process	480	-0.5267711875501021	-1.4767445509054367	1.2525358868969484e-4	0.0052708755077173625	0.004711472261990455	2265	tags=23%, list=11%, signal=21%	AT4G31780/AT1G62640/AT5G16390/AT4G13830/AT5G35460/AT3G52310/AT4G08850/AT1G36160/AT1G54630/AT1G52670/AT3G23480/AT5G65410/AT1G64400/AT1G48300/AT1G51500/AT5G10480/AT1G66430/AT1G68530/AT4G23850/AT1G79750/AT1G20330/AT3G56040/AT5G42650/AT1G50430/AT3G21080/AT2G22230/AT2G29980/AT4G10030/AT1G63970/AT1G06080/AT4G36810/AT4G37760/AT4G27030/AT1G01120/AT1G03055/AT4G14210/AT3G53130/AT1G15550/AT3G25585/AT3G02870/AT2G32720/AT5G62130/AT5G52920/AT1G54580/AT2G05990/AT1G49430/AT2G45970/AT5G05690/AT3G12780/AT1G56190/AT3G09920/AT5G13640/AT3G60620/AT4G13050/AT5G49460/AT2G32440/AT5G35360/AT2G47240/AT1G19640/AT3G56130/AT1G30120/AT3G23840/AT2G30200/AT4G31390/AT4G25700/AT3G26744/AT2G07050/AT4G34650/AT1G10900/AT2G43710/AT3G04870/AT2G26670/AT1G74960/AT2G38040/AT5G58770/AT3G06650/AT4G22305/AT1G32200/AT4G03560/AT5G57030/AT1G24360/AT1G06360/AT4G13840/AT3G11170/AT1G66960/AT5G62790/AT5G52570/AT4G25050/AT3G11670/AT4G30950/AT5G47110/AT2G38995/AT1G31190/AT3G15850/AT1G32440/AT4G34350/AT5G63380/AT3G11945/AT4G17600/AT5G05580/AT4G15560/AT1G78510/AT3G10230/AT5G64940/AT5G61670/AT1G73600/AT5G17230/AT4G39800/AT3G22231/AT1G17050/AT5G67030
GO:0009853	photorespiration	42	-0.7982225102814557	-1.7684493080894044	1.827432318506923e-4	0.007536330881522551	0.0067364926099065725	803	tags=21%, list=4%, signal=21%	AT2G35370/AT5G04140/AT1G80380/AT4G37930/AT1G70580/AT1G68010/AT2G13360/AT1G23310/AT5G09660
GO:0016051	carbohydrate biosynthetic process	282	-0.5662625557851375	-1.5374139925669539	1.9188945383289278e-4	0.007758353996145586	0.006934952191153669	1505	tags=15%, list=7%, signal=14%	AT5G48300/AT3G02870/AT1G43670/AT3G62820/AT4G24620/AT1G05850/AT1G42430/AT3G12780/AT1G56190/AT1G05570/AT3G16000/AT2G14750/AT5G62220/AT5G28840/AT4G12720/AT5G60950/AT4G32190/AT2G39770/AT1G13440/AT4G39770/AT1G78580/AT5G09870/AT5G65140/AT1G11720/AT1G15690/AT5G40390/AT1G42970/AT2G32540/AT3G62410/AT4G26530/AT3G55800/AT2G41680/AT4G38970/AT3G04790/AT3G54050/AT5G19220/AT3G26650/AT4G26850/AT2G21330/AT4G10120/AT2G41090
GO:0009668	plastid membrane organization	55	-0.7617083231139952	-1.7522989944750675	2.234895070659919e-4	0.008862218530193755	0.007921662487298621	2026	tags=38%, list=10%, signal=35%	AT4G31780/AT1G32070/AT1G03160/AT3G10670/AT2G45770/AT3G12780/AT1G56190/AT1G32500/AT4G31390/AT2G07050/AT5G12130/AT2G01110/AT2G20890/AT5G58770/AT1G35680/AT2G30950/AT1G65260/AT1G74730/AT2G28800/AT1G44575/AT5G08050
GO:0009639	response to red or far red light	235	-0.5873710768902886	-1.5607470408562074	2.7652757710972713e-4	0.010758488000004857	0.009616678997400839	2491	tags=26%, list=12%, signal=23%	AT5G11170/AT2G39940/AT1G78370/AT2G46370/AT4G31500/AT3G48100/AT3G57290/AT4G34550/AT4G26150/AT2G02950/AT1G53090/AT5G48150/AT4G28860/AT2G37640/AT5G54190/AT1G79600/AT2G46340/AT4G18130/AT3G08010/AT2G01570/AT1G15550/AT4G08920/AT2G35940/AT1G08540/AT5G49230/AT5G23040/AT4G38740/AT3G54720/AT3G59780/AT2G24790/AT4G31390/AT2G32950/AT2G42810/AT3G21150/AT2G21320/AT3G17609/AT2G26670/AT4G14690/AT3G27690/AT2G24540/AT2G46790/AT2G21650/AT5G44110/AT2G43010/AT1G10470/AT3G18780/AT5G61270/AT1G10370/AT2G31380/AT3G17040/AT4G38960/AT5G24120/AT1G06040/AT5G61670/AT4G27310/AT3G15354/AT3G59060/AT5G23060/AT1G73870/AT2G05070/AT5G67030/AT2G05100
GO:0030091	protein repair	16	-0.9134372388656183	-1.731284306156635	3.02476522859197e-4	0.011550122039549337	0.01032429613111996	1256	tags=69%, list=6%, signal=65%	AT5G39830/AT2G47940/AT1G53670/AT2G30950/AT3G27925/AT4G02530/AT1G54780/AT1G75690/AT1G50250/AT1G03600/AT1G55480
GO:0018193	peptidyl-amino acid modification	78	-0.7091335159185894	-1.7119559018488455	3.1889994997046604e-4	0.011762964239317945	0.010514549177112522	2130	tags=29%, list=10%, signal=27%	AT5G35100/AT1G53240/AT1G32070/AT5G10480/AT2G21470/AT2G06025/AT4G19985/AT1G02560/AT3G23310/AT3G12780/AT1G74070/AT1G26220/AT1G75820/AT3G04480/AT1G72030/AT3G62030/AT3G62410/AT1G09340/AT4G21280/AT4G20360/AT1G32060/AT4G05180/AT3G26650
GO:1905156	negative regulation of photosynthesis	14	-0.9263682260843984	-1.7050044486594733	3.1945974655761636e-4	0.011762964239317945	0.010514549177112522	429	tags=57%, list=2%, signal=56%	AT4G30950/AT3G15850/AT2G30950/AT3G62410/AT5G42270/AT1G67740/AT3G50820/AT5G66570
GO:0009640	photomorphogenesis	106	-0.6652602347789496	-1.6572404669669896	3.354965705620454e-4	0.012136735587700658	0.010848651801553859	2912	tags=33%, list=14%, signal=28%	AT4G00050/AT5G15160/AT4G37470/AT1G08970/AT1G14290/AT5G11170/AT2G46370/AT3G57290/AT4G34550/AT1G53090/AT5G48150/AT4G28860/AT5G54190/AT2G46340/AT3G08010/AT4G08920/AT5G23040/AT4G38740/AT3G54720/AT3G59780/AT2G24790/AT2G32950/AT3G21150/AT2G21320/AT3G17609/AT2G43010/AT5G61270/AT1G10370/AT2G31380/AT4G38960/AT1G06040/AT5G61670/AT4G27310/AT3G15354/AT5G23060
GO:0009769	photosynthesis, light harvesting in photosystem II	10	-0.9426386108871557	-1.6541831546631998	3.808594714252566e-4	0.01354021086342895	0.01210317485418556	650	tags=60%, list=3%, signal=58%	AT2G34430/AT3G27690/AT2G34420/AT5G54270/AT2G05070/AT2G05100
GO:0072655	establishment of protein localization to mitochondrion	55	0.7057961854849014	1.764835841788347	4.34941287591586e-4	0.015200565100823392	0.013587314049487856	2185	tags=31%, list=11%, signal=28%	AT4G26670/AT1G50400/AT5G55200/AT5G27280/AT1G20350/AT1G64220/AT1G17530/AT5G09420/AT1G44890/AT2G36540/AT2G29530/AT3G23170/AT3G59280/AT5G61880/AT3G25120/AT4G26780/AT1G72750
GO:0009773	photosynthetic electron transport in photosystem I	17	-0.8929478871412696	-1.7099207326088823	4.423054830501472e-4	0.015200565100823392	0.013587314049487856	418	tags=65%, list=2%, signal=63%	AT1G70760/AT2G05620/AT2G01590/AT1G55670/AT4G09650/AT1G15980/AT1G64770/AT3G54050/AT4G22890/AT5G64040/AT2G46820
GO:0042773	ATP synthesis coupled electron transport	43	0.7344356680000681	1.792271927758945	4.497379375187069e-4	0.01520261683874711	0.013589148034430641	1841	tags=21%, list=9%, signal=19%	ATMG00160/AT5G25450/ATMG00650/AT3G27380/AT3G10860/AT4G10040/AT1G22840/AT1G52710/AT5G51040
GO:0008299	isoprenoid biosynthetic process	129	-0.6446439663493256	-1.632189349784767	4.69301296702188e-4	0.01560805280322438	0.01395155467785282	1726	tags=22%, list=8%, signal=21%	AT1G63970/AT4G36810/AT1G03055/AT4G14210/AT3G53130/AT1G15550/AT2G32440/AT4G31390/AT4G25700/AT3G26744/AT2G07050/AT3G04870/AT2G26670/AT5G58770/AT5G57030/AT1G66960/AT5G62790/AT5G52570/AT5G47110/AT4G34350/AT3G11945/AT4G17600/AT4G15560/AT1G78510/AT3G10230/AT5G61670/AT5G17230/AT1G17050/AT5G67030
GO:0010206	photosystem II repair	13	-0.9288491809069854	-1.6862753671653836	5.241726549878738e-4	0.017156254199761835	0.015335443924540802	1256	tags=77%, list=6%, signal=72%	AT5G39830/AT2G47940/AT2G30950/AT3G27925/AT4G02530/AT1G54780/AT1G75690/AT1G50250/AT1G03600/AT1G55480
GO:0042542	response to hydrogen peroxide	76	0.6491006143824215	1.715460363610349	5.394807881504035e-4	0.017381396643220814	0.01553669177716047	1478	tags=34%, list=7%, signal=32%	AT3G46230/AT1G77120/AT1G04580/AT1G53540/AT1G20620/AT2G29500/AT1G22770/AT5G67480/AT2G41730/AT4G10250/AT2G18170/AT1G20630/AT5G12020/AT5G12030/AT1G75270/AT1G05680/AT2G19310/AT4G21870/AT5G05410/AT3G17790/AT1G59860/AT1G07400/AT5G37670/AT3G48360/AT5G39610/AT1G19570
GO:0006397	mRNA processing	324	0.45010511511081286	1.4303480331777945	5.98813413924572e-4	0.018996203992499502	0.016980118020759927	3317	tags=20%, list=16%, signal=17%	AT2G21660/AT5G63370/AT4G38780/AT1G09140/AT4G03430/AT2G46610/AT1G20920/AT4G39260/AT3G49130/AT5G46920/AT5G42820/AT2G02570/AT5G63420/AT4G35500/AT4G02430/AT2G37340/AT5G13010/AT2G42330/AT2G30000/AT1G51380/AT1G01940/AT3G24730/AT1G14640/AT3G16650/AT4G08580/AT2G16650/AT5G27860/AT4G29820/AT3G07860/AT1G54380/AT2G18510/AT2G33340/AT1G60900/AT4G25500/AT3G14700/AT5G03560/AT1G80060/AT4G36690/AT3G07790/AT1G07350/AT5G49510/AT5G45990/AT5G05430/AT4G19890/AT1G76300/AT2G43960/AT1G66510/AT2G02150/AT4G11690/AT3G53460/AT4G33370/AT1G03910/AT4G34140/AT3G46790/AT3G61360/AT1G55310/AT4G15640/AT2G17530/AT2G17525/AT2G43370/AT1G62930/AT1G80550/AT2G36130/AT1G07170/AT1G07740
GO:0019750	chloroplast localization	30	-0.8150192480801101	-1.7044481522664072	6.532220028683491e-4	0.02010363835693337	0.01797001927765089	1285	tags=43%, list=6%, signal=41%	AT5G05000/AT1G42550/AT3G25690/AT4G28080/AT5G58140/AT1G01320/AT1G15290/AT1G66840/AT5G10470/AT5G67385/AT1G64500/AT2G30520/AT1G75100
GO:0006720	isoprenoid metabolic process	166	-0.6100423880272325	-1.5744571437843227	6.514487493324349e-4	0.02010363835693337	0.01797001927765089	1726	tags=20%, list=8%, signal=19%	AT1G63970/AT4G36810/AT1G03055/AT4G14210/AT3G53130/AT1G15550/AT2G32440/AT1G57770/AT4G31390/AT4G25700/AT3G26744/AT2G07050/AT4G19170/AT4G34650/AT3G04870/AT2G26670/AT5G58770/AT5G57030/AT4G00370/AT1G66960/AT5G62790/AT5G52570/AT5G47110/AT4G34350/AT3G11945/AT4G17600/AT4G32770/AT4G15560/AT1G78510/AT3G10230/AT5G61670/AT5G17230/AT1G17050/AT5G67030
GO:0048564	photosystem I assembly	27	-0.8399020307421696	-1.7424252179116344	7.031970809045346e-4	0.02090413482702832	0.018685558263375663	2462	tags=63%, list=12%, signal=56%	AT4G25910/AT3G55250/AT3G04260/AT1G22700/AT3G08010/AT5G44650/AT5G11450/AT2G39470/AT1G77090/AT3G56010/AT4G15510/AT2G30950/AT1G76450/AT3G56650/AT3G55330/AT5G42270/AT1G06680
GO:0010027	thylakoid membrane organization	52	-0.7577180353781895	-1.7202271012742	7.400590894146786e-4	0.02090413482702832	0.018685558263375663	2026	tags=50%, list=10%, signal=45%	AT3G62910/AT4G14870/AT2G30170/AT3G24590/AT5G24314/AT5G35220/AT4G31780/AT1G32070/AT1G03160/AT3G10670/AT2G45770/AT3G12780/AT1G56190/AT1G32500/AT4G31390/AT2G07050/AT5G12130/AT2G01110/AT2G20890/AT1G35680/AT2G30950/AT1G65260/AT1G74730/AT2G28800/AT1G44575/AT5G08050
GO:0046364	monosaccharide biosynthetic process	48	-0.7590113737321056	-1.7101907724189858	7.396004461010966e-4	0.02090413482702832	0.018685558263375663	1490	tags=31%, list=7%, signal=29%	AT3G02870/AT1G43670/AT4G24620/AT3G12780/AT1G56190/AT5G28840/AT2G39770/AT1G13440/AT4G26530/AT3G55800/AT4G38970/AT3G54050/AT4G26850/AT2G21330/AT2G41090
GO:1901661	quinone metabolic process	24	-0.8417679036420532	-1.7037859131147803	7.248273672718229e-4	0.02090413482702832	0.018685558263375663	1131	tags=33%, list=5%, signal=32%	AT1G60600/AT3G63410/AT5G15910/AT3G11945/AT1G32220/AT1G78510/AT3G10230/AT1G17050
GO:1901663	quinone biosynthetic process	24	-0.8417679036420532	-1.7037859131147803	7.248273672718229e-4	0.02090413482702832	0.018685558263375663	1131	tags=33%, list=5%, signal=32%	AT1G60600/AT3G63410/AT5G15910/AT3G11945/AT1G32220/AT1G78510/AT3G10230/AT1G17050
GO:0005996	monosaccharide metabolic process	125	-0.632041636323532	-1.5937788621504987	7.177637302957416e-4	0.02090413482702832	0.018685558263375663	1576	tags=21%, list=8%, signal=19%	AT4G30310/AT3G02870/AT1G43670/AT4G36360/AT4G24620/AT3G12780/AT1G56190/AT5G28840/AT2G28470/AT2G39770/AT1G07110/AT1G13440/AT5G35790/AT1G01320/AT3G63140/AT1G42970/AT4G26530/AT3G55800/AT1G09340/AT4G38970/AT3G54050/AT3G26650/AT4G26850/AT1G12900/AT2G21330/AT2G41090
GO:0070585	protein localization to mitochondrion	47	0.7109726613933581	1.7650035739322534	7.703606072746224e-4	0.021179780962670286	0.018931949801233177	2185	tags=34%, list=11%, signal=31%	AT4G26670/AT1G50400/AT5G55200/AT5G27280/AT1G20350/AT1G64220/AT1G17530/AT5G09420/AT1G44890/AT2G36540/AT2G29530/AT3G59280/AT5G61880/AT3G25120/AT4G26780/AT1G72750
GO:0009409	response to cold	408	-0.5185519686931966	-1.4427560932292345	7.701151374285896e-4	0.021179780962670286	0.018931949801233177	2135	tags=21%, list=10%, signal=19%	AT5G54470/AT1G36160/AT3G08920/ATCG00480/AT1G08810/AT1G53240/AT5G38480/AT1G32070/AT4G04020/AT1G74710/AT1G05140/AT4G17090/AT1G12080/AT5G08620/AT1G68530/AT2G16280/AT4G10030/AT5G52440/AT5G50950/AT2G47730/AT2G01570/AT1G01120/AT3G02870/AT1G17610/AT2G33800/AT2G40880/AT1G56070/AT3G55580/AT2G39460/AT3G55280/AT3G49260/AT3G12780/AT2G27710/AT3G06510/AT1G67280/AT4G02520/AT3G52150/AT3G26744/AT5G10450/AT5G06290/AT1G74960/AT5G58770/AT3G27690/AT3G08730/AT1G12860/AT3G01500/AT2G37220/AT5G11790/AT3G11170/AT1G42970/AT5G61410/AT2G43010/AT4G24770/AT1G77490/AT3G62410/AT4G35450/AT3G23000/AT1G16880/AT4G38680/AT3G11630/AT3G57260/AT1G03680/AT4G37930/AT1G45474/AT4G09650/AT4G14400/AT1G67090/AT1G09340/AT1G23740/AT1G15950/AT2G16500/AT4G27310/AT3G61470/AT3G59060/AT1G32060/AT2G39730/AT3G54050/AT4G35090/AT5G13650/AT3G26650/AT3G54890/AT1G61520/AT2G05070/AT3G47470/AT1G01060/AT2G05100/AT2G46830
GO:0042181	ketone biosynthetic process	35	-0.8150791664506076	-1.7387699881630596	8.174889251466496e-4	0.02217976531121568	0.01982580481899977	1945	tags=37%, list=9%, signal=34%	AT1G74710/AT1G60600/AT5G13930/AT3G63410/AT5G08740/AT5G15910/AT3G11945/AT1G60550/AT1G32220/AT1G30520/AT1G78510/AT3G10230/AT1G17050
GO:1901463	regulation of tetrapyrrole biosynthetic process	27	-0.836412539258041	-1.7351860665141066	8.450193734852561e-4	0.022628960365280493	0.020227326356427662	1105	tags=52%, list=5%, signal=49%	AT3G16857/AT4G26150/AT4G31920/AT1G10657/AT4G31390/AT2G42810/AT4G14690/AT5G44190/AT5G47110/AT5G66190/AT4G17600/AT2G41680/AT2G20570/AT2G35260
GO:0097352	autophagosome maturation	15	0.8844073353502597	1.7656106854203142	8.979738522999123e-4	0.023424773317442957	0.02093867889062363	1373	tags=40%, list=7%, signal=37%	AT3G53230/AT2G05630/AT4G04620/AT3G06420/AT4G21980/AT5G03340
GO:0009411	response to UV	130	-0.6190652090493567	-1.5654530738792183	8.987087396517979e-4	0.023424773317442957	0.02093867889062363	2610	tags=27%, list=13%, signal=24%	AT5G08020/AT5G26920/AT3G45640/AT5G59920/AT2G46370/AT4G15480/AT1G08810/AT1G16420/AT1G56510/AT1G12370/AT5G13930/AT3G55120/AT3G17800/AT5G23730/AT5G05690/AT1G14320/AT3G52430/AT2G21970/AT1G19350/AT4G00730/AT2G37040/AT3G17609/AT2G26670/AT4G14690/AT1G51680/AT4G36220/AT3G51240/AT2G42690/AT4G34190/AT5G01410/AT1G65060/AT1G20340/AT1G75040/AT1G51400/AT3G22231
GO:0009738	abscisic acid-activated signaling pathway	203	0.5033678804833985	1.524073998813665	9.088175874856628e-4	0.023424773317442957	0.02093867889062363	3028	tags=24%, list=15%, signal=21%	AT3G20810/AT2G33150/AT5G52300/AT3G50500/AT1G07430/AT1G49720/AT5G66880/AT1G05100/AT5G59220/AT2G25760/AT2G29940/AT1G15380/AT2G28400/AT4G15230/AT3G02140/AT3G63060/AT4G35790/AT5G11310/AT2G41070/AT2G46680/AT2G26300/AT5G60870/AT5G08520/AT3G48360/AT5G37740/AT1G18720/AT1G70810/AT5G53160/AT4G26080/AT1G01720/AT1G51940/AT5G01550/AT3G09770/AT3G26790/AT1G18470/AT5G05440/AT3G01650/AT1G54830/AT2G30360/AT5G57050/AT5G63910/AT5G46590/AT5G66070/AT1G74740/AT1G62810/AT5G20910/AT2G30020/AT2G38310/AT3G51550
GO:0009408	response to heat	276	0.4547809294230418	1.4192279010608628	0.0010212906657213266	0.025998782132313276	0.02323950559685566	1839	tags=22%, list=9%, signal=20%	AT3G46230/AT1G56300/AT2G28840/AT5G14800/AT4G12400/AT1G53540/AT1G58340/AT1G79440/AT2G29500/AT1G68820/AT4G10250/AT1G77000/AT3G53990/AT5G12020/AT5G12030/AT2G32120/AT2G47180/AT5G48570/AT4G28140/AT2G38340/AT3G11020/AT5G52640/AT4G29770/AT5G03720/AT2G46240/AT1G15380/AT3G12580/AT2G19310/AT3G07770/AT1G16030/AT3G08970/AT1G06460/AT4G21870/AT5G05410/AT4G21320/AT3G17880/AT5G18340/AT1G01940/AT5G66080/AT1G20440/AT3G47860/AT1G59860/AT5G09590/AT3G25230/AT1G07400/AT5G37670/AT1G74310/AT2G25140/AT2G40340/AT3G24500/AT3G07030/AT2G20880/AT1G13930/AT4G26080/AT1G43160/AT3G10800/AT5G59820/AT3G22830/AT1G11270/AT2G41160/AT5G59720
GO:0065003	protein-containing complex assembly	445	-0.4990416709374645	-1.3923768714906848	0.00110308410026058	0.02773852944801605	0.02479461180431676	2130	tags=15%, list=10%, signal=14%	AT5G35100/AT1G54500/AT3G04260/AT5G47930/AT1G22700/AT5G61170/AT2G36160/AT4G34090/AT5G64140/AT3G08010/AT4G37210/AT5G13120/AT4G37925/AT4G37200/AT5G50950/AT4G21445/AT1G64150/AT2G28150/AT3G26710/AT3G25520/AT5G56010/AT5G54290/AT1G72370/AT4G31560/AT5G23120/AT5G23730/AT1G02910/AT5G44650/AT5G39740/AT1G70760/AT3G47650/AT5G11450/AT3G25690/AT2G39470/AT1G75820/AT2G45990/AT5G58260/AT1G77090/AT3G56010/AT1G34000/AT2G20890/AT3G11510/AT5G38410/AT3G61110/AT4G15510/AT5G51110/AT2G30950/AT1G76450/AT3G56650/AT1G71500/AT3G55330/AT5G10150/AT3G56910/AT5G24120/AT1G79040/AT5G42270/AT1G67090/AT1G03600/AT3G50820/AT4G35250/AT1G55480/AT5G66570/AT5G02120/AT1G16720/AT4G10340/AT1G06680/AT2G46830
GO:0042180	ketone metabolic process	102	-0.6536227628490926	-1.6219727142884846	0.001155369269705765	0.028703270290762497	0.025656963744512293	3000	tags=31%, list=15%, signal=27%	AT1G68890/AT5G63980/AT1G74910/AT2G34630/AT3G03710/AT1G73805/AT4G13040/AT5G26920/AT5G57580/AT4G13830/AT5G65410/AT1G74710/AT5G06580/AT1G60600/AT5G13930/AT1G05850/AT3G52430/AT3G63410/AT1G67280/AT3G56130/AT5G08740/AT5G15910/AT4G03560/AT3G11945/AT1G60550/AT1G32220/AT1G30520/AT1G78510/AT3G10230/AT5G09660/AT1G17050/AT2G41090
GO:0010380	regulation of chlorophyll biosynthetic process	25	-0.8339020156787881	-1.6972419903365126	0.0011822335167911582	0.02902101799551629	0.025940988570191958	1105	tags=52%, list=5%, signal=49%	AT3G16857/AT4G26150/AT4G31920/AT1G10657/AT4G31390/AT2G42810/AT4G14690/AT5G44190/AT5G47110/AT4G17600/AT2G41680/AT2G20570/AT2G35260
GO:0006119	oxidative phosphorylation	50	0.6971109973998102	1.7438370707497821	0.0012110662040524143	0.029379041326542097	0.026261014529978668	1841	tags=18%, list=9%, signal=16%	ATMG00160/AT5G25450/ATMG00650/AT3G27380/AT3G10860/AT4G10040/AT1G22840/AT1G52710/AT5G51040
GO:0051644	plastid localization	31	-0.8124646634954769	-1.7102913699374833	0.001285305560054495	0.030317992936219784	0.02710031427399093	1285	tags=42%, list=6%, signal=39%	AT5G05000/AT1G42550/AT3G25690/AT4G28080/AT5G58140/AT1G01320/AT1G15290/AT1G66840/AT5G10470/AT5G67385/AT1G64500/AT2G30520/AT1G75100
GO:0006006	glucose metabolic process	47	-0.7402962385681625	-1.6630222098791398	0.0012814719596286625	0.030317992936219784	0.02710031427399093	1463	tags=34%, list=7%, signal=32%	AT1G43670/AT4G24620/AT3G12780/AT1G56190/AT1G13440/AT5G35790/AT1G01320/AT1G42970/AT4G26530/AT3G55800/AT4G38970/AT3G54050/AT3G26650/AT4G26850/AT1G12900/AT2G21330
GO:0010205	photoinhibition	11	-0.9332529830632081	-1.6548427474552228	0.001308584564172435	0.030317992936219784	0.02710031427399093	429	tags=73%, list=2%, signal=71%	AT4G04020/AT4G30950/AT3G15850/AT2G30950/AT5G42270/AT1G67740/AT3G50820/AT5G66570
GO:0043155	negative regulation of photosynthesis, light reaction	11	-0.9332529830632081	-1.6548427474552228	0.001308584564172435	0.030317992936219784	0.02710031427399093	429	tags=73%, list=2%, signal=71%	AT4G04020/AT4G30950/AT3G15850/AT2G30950/AT5G42270/AT1G67740/AT3G50820/AT5G66570
GO:0046889	positive regulation of lipid biosynthetic process	29	-0.8040570540007415	-1.6728235980890813	0.001342941542485228	0.030768282895606004	0.027502814513352448	930	tags=17%, list=5%, signal=16%	AT4G31390/AT5G47110/AT4G17600/AT5G61670/AT3G22231
GO:0009069	serine family amino acid metabolic process	51	-0.7366733351757679	-1.6692593176520372	0.0016421287627931078	0.03685582053669349	0.03294427574646501	1556	tags=35%, list=8%, signal=33%	AT2G35370/AT3G13110/AT3G19480/AT4G13890/AT1G32470/AT2G43750/AT3G62030/AT4G13930/AT5G28020/AT1G11860/AT4G19710/AT3G61440/AT3G01120/AT4G37930/AT5G14060/AT4G33010/AT2G13360/AT2G26080
GO:0019318	hexose metabolic process	87	-0.6614323427329345	-1.6127155139536316	0.001662265426727689	0.03685582053669349	0.03294427574646501	1463	tags=22%, list=7%, signal=20%	AT1G43670/AT4G36360/AT4G24620/AT3G12780/AT1G56190/AT2G28470/AT1G07110/AT1G13440/AT5G35790/AT1G01320/AT1G42970/AT4G26530/AT3G55800/AT4G38970/AT3G54050/AT3G26650/AT4G26850/AT1G12900/AT2G21330
GO:0016071	mRNA metabolic process	475	0.40056365389043613	1.3177796648822642	0.0016532389456704356	0.03685582053669349	0.03294427574646501	3570	tags=20%, list=17%, signal=17%	AT2G21660/AT5G63370/AT4G38780/AT1G09140/AT4G02940/AT4G03430/AT2G46610/AT1G20920/AT4G39260/AT3G49130/AT5G46920/AT5G42820/AT1G28260/AT2G02570/AT5G63420/AT4G35500/AT4G02430/AT2G37340/AT5G13010/AT2G42330/AT2G30000/AT1G32580/AT1G51380/AT1G01940/AT3G24730/AT1G34160/AT1G14640/AT3G16650/AT2G31890/AT4G08580/AT5G14580/AT2G16650/AT5G27860/AT1G15480/AT4G29820/AT3G07860/AT3G15000/AT1G54380/AT2G18510/AT2G33340/AT1G60900/AT4G25500/AT1G06710/AT3G14700/AT3G03950/AT5G03560/AT3G12770/AT1G80060/AT5G35910/AT4G36690/AT3G07790/AT1G07350/AT5G49510/AT5G45990/AT5G05430/AT4G19890/AT1G76300/AT1G77680/AT5G22250/AT2G43960/AT1G66510/AT2G02150/AT4G11690/AT2G13600/AT3G53460/AT5G19020/AT4G33370/AT1G03910/AT5G61030/AT4G34140/AT3G46790/AT3G61360/AT2G20540/AT1G55310/AT4G15640/AT2G17530/AT2G17525/AT2G43370/AT3G12640/AT1G62930/AT3G18970/AT1G80550/AT2G36130/AT1G07170/AT1G07740/AT2G35240/AT5G44780/AT3G18020/AT3G15610/AT1G15920/AT4G13860/AT1G65700/AT4G20020/AT4G25020/AT4G32430
GO:0016236	macroautophagy	67	0.6500403824343434	1.6891074329498457	0.0016983016853874603	0.03725423484328663	0.033300405947518964	4147	tags=34%, list=20%, signal=28%	AT4G15780/AT1G77710/AT3G53230/AT2G05630/AT4G04620/AT3G06420/AT4G21980/AT5G03340/AT5G17290/AT2G32340/AT1G27530/AT3G13672/AT4G06676/AT3G62770/AT1G04140/AT3G14910/AT1G50030/AT2G31260/AT5G43930/AT5G58510/AT4G30510/AT4G22150/AT5G61500
GO:0034644	cellular response to UV	17	-0.8680294650513762	-1.6622040324867542	0.001786738411521139	0.038101229605857566	0.034057508315818365	1199	tags=47%, list=6%, signal=44%	AT1G56510/AT1G14320/AT2G21970/AT2G26670/AT4G14690/AT2G42690/AT4G34190/AT3G22231
GO:0016053	organic acid biosynthetic process	428	-0.49887718593548114	-1.3912656487291748	0.0017923468825257925	0.038101229605857566	0.034057508315818365	2568	tags=28%, list=12%, signal=25%	AT5G22630/AT1G14810/AT5G26920/AT1G08510/AT3G58990/AT3G14110/AT4G31500/AT5G57580/AT4G24670/AT2G39800/AT2G45790/AT5G53460/AT1G62640/AT5G16390/AT1G48850/AT3G52310/AT3G59760/AT4G08850/AT1G36160/AT1G54630/AT1G52670/AT5G65410/AT1G64400/AT5G10480/AT2G28880/AT1G80560/AT1G22410/AT1G74710/AT5G16290/AT1G66430/AT2G43090/AT2G44160/AT3G29200/AT3G57050/AT4G23850/AT1G79750/AT5G42650/AT3G22425/AT2G22230/AT2G29980/AT4G39540/AT1G06080/AT2G22250/AT1G31860/AT4G27030/AT3G28760/AT1G01120/AT1G15550/AT3G02870/AT2G32720/AT3G23820/AT5G52920/AT1G54580/AT1G11790/AT3G13110/AT5G65010/AT2G05990/AT1G49430/AT3G19480/AT2G45300/AT4G13050/AT5G49460/AT3G52430/AT2G32440/AT5G35360/AT1G19640/AT5G16570/AT3G56130/AT1G30120/AT3G10050/AT5G28840/AT3G48560/AT3G23840/AT4G13890/AT2G30200/AT2G43360/AT3G26744/AT2G39770/AT5G04140/AT3G58610/AT5G35630/AT3G59970/AT4G24830/AT2G43710/AT5G52100/AT2G20610/AT1G56430/AT2G26670/AT1G74960/AT2G38040/AT3G06650/AT4G03560/AT1G24360/AT1G06360/AT2G43750/AT4G13840/AT3G11170/AT3G62030/AT4G13930/AT5G17920/AT5G28020/AT4G25050/AT3G11670/AT4G30950/AT3G03780/AT3G15850/AT1G32440/AT4G19710/AT3G61440/AT5G63380/AT5G48220/AT3G01120/AT5G05580/AT4G37930/AT5G14060/AT1G58080/AT2G13360/AT4G26850/AT5G67030/AT2G41090
GO:0046394	carboxylic acid biosynthetic process	428	-0.49887718593548114	-1.3912656487291748	0.0017923468825257925	0.038101229605857566	0.034057508315818365	2568	tags=28%, list=12%, signal=25%	AT5G22630/AT1G14810/AT5G26920/AT1G08510/AT3G58990/AT3G14110/AT4G31500/AT5G57580/AT4G24670/AT2G39800/AT2G45790/AT5G53460/AT1G62640/AT5G16390/AT1G48850/AT3G52310/AT3G59760/AT4G08850/AT1G36160/AT1G54630/AT1G52670/AT5G65410/AT1G64400/AT5G10480/AT2G28880/AT1G80560/AT1G22410/AT1G74710/AT5G16290/AT1G66430/AT2G43090/AT2G44160/AT3G29200/AT3G57050/AT4G23850/AT1G79750/AT5G42650/AT3G22425/AT2G22230/AT2G29980/AT4G39540/AT1G06080/AT2G22250/AT1G31860/AT4G27030/AT3G28760/AT1G01120/AT1G15550/AT3G02870/AT2G32720/AT3G23820/AT5G52920/AT1G54580/AT1G11790/AT3G13110/AT5G65010/AT2G05990/AT1G49430/AT3G19480/AT2G45300/AT4G13050/AT5G49460/AT3G52430/AT2G32440/AT5G35360/AT1G19640/AT5G16570/AT3G56130/AT1G30120/AT3G10050/AT5G28840/AT3G48560/AT3G23840/AT4G13890/AT2G30200/AT2G43360/AT3G26744/AT2G39770/AT5G04140/AT3G58610/AT5G35630/AT3G59970/AT4G24830/AT2G43710/AT5G52100/AT2G20610/AT1G56430/AT2G26670/AT1G74960/AT2G38040/AT3G06650/AT4G03560/AT1G24360/AT1G06360/AT2G43750/AT4G13840/AT3G11170/AT3G62030/AT4G13930/AT5G17920/AT5G28020/AT4G25050/AT3G11670/AT4G30950/AT3G03780/AT3G15850/AT1G32440/AT4G19710/AT3G61440/AT5G63380/AT5G48220/AT3G01120/AT5G05580/AT4G37930/AT5G14060/AT1G58080/AT2G13360/AT4G26850/AT5G67030/AT2G41090
GO:0071462	cellular response to water stimulus	38	-0.7687210028946476	-1.6772692352390235	0.0018995024169302587	0.03996708146643055	0.03572533546772162	986	tags=24%, list=5%, signal=23%	AT5G05860/AT1G33240/AT3G27690/AT4G34220/AT1G09340/AT1G68010/AT1G32080/AT2G05070/AT2G05100
GO:0090407	organophosphate biosynthetic process	302	-0.5266768999746474	-1.4352501143633238	0.0019319991329087456	0.04024022436422054	0.035969489438843316	1798	tags=16%, list=9%, signal=14%	AT3G46940/AT3G56040/AT3G25860/AT3G21110/AT2G38210/AT3G54470/AT3G25585/AT3G02870/AT3G57610/AT5G62130/AT2G19680/AT1G29880/AT3G12670/AT1G04280/AT3G09920/AT3G60620/AT5G49460/AT1G21640/AT5G37850/AT1G30120/AT1G01090/AT2G39770/AT1G08200/AT1G10900/AT2G38040/AT5G58770/AT3G06650/AT2G17340/AT4G09320/AT4G22305/AT2G38230/AT1G32200/AT5G62790/AT2G23420/AT1G31190/AT4G34350/AT4G15560/AT4G09650/AT5G14760/AT4G04640/AT1G78570/AT5G01410/AT1G73600/AT4G32260/AT2G22240/AT4G39800/AT3G22231
GO:0042631	cellular response to water deprivation	37	-0.7688253315983768	-1.6690581449172197	0.0020524730813072387	0.041089315472383744	0.03672846566549795	986	tags=24%, list=5%, signal=23%	AT5G05860/AT1G33240/AT3G27690/AT4G34220/AT1G09340/AT1G68010/AT1G32080/AT2G05070/AT2G05100
GO:0016122	xanthophyll metabolic process	17	-0.8659717273669886	-1.6582636364351218	0.0020042492076058982	0.041089315472383744	0.03672846566549795	917	tags=41%, list=4%, signal=39%	AT4G25700/AT5G57030/AT4G00370/AT5G52570/AT4G32770/AT3G10230/AT5G67030
GO:0006417	regulation of translation	64	-0.702686480741428	-1.6344568324530273	0.002048951030455656	0.041089315472383744	0.03672846566549795	2490	tags=31%, list=12%, signal=28%	AT3G61240/AT4G34110/AT1G71720/AT5G47620/AT5G48760/AT3G24830/AT2G45810/AT1G48630/AT1G18080/AT5G02160/AT3G08730/AT5G20220/AT3G18130/AT3G63140/AT3G02830/AT5G08650/AT1G78630/AT3G17040/AT1G09340/AT1G20340
GO:0006457	protein folding	153	0.519215774542151	1.5123228600296996	0.002030909385769316	0.041089315472383744	0.03672846566549795	1354	tags=21%, list=7%, signal=20%	AT3G46230/AT2G21130/AT1G53540/AT2G29500/AT4G10250/AT3G53990/AT5G12020/AT5G12030/AT2G32120/AT5G52640/AT5G55200/AT5G27280/AT2G46240/AT3G12580/AT2G19310/AT3G07770/AT4G37910/AT1G16030/AT4G21870/AT4G04330/AT1G28210/AT3G17880/AT3G13860/AT5G60160/AT1G01940/AT1G59860/AT2G01270/AT5G09590/AT1G07400/AT5G37670/AT2G33210/AT2G18390
GO:0009904	chloroplast accumulation movement	17	-0.8643557835325092	-1.6551692387607468	0.002159614363263423	0.0428185078562421	0.03827413714650054	532	tags=41%, list=3%, signal=40%	AT3G51720/AT5G65460/AT1G66840/AT5G10470/AT5G67385/AT2G30520/AT1G75100
GO:0071229	cellular response to acid chemical	55	-0.7161182580949849	-1.6474197084456448	0.00234903842348046	0.046130640278254365	0.041234749669316145	986	tags=18%, list=5%, signal=17%	AT5G05860/AT2G29110/AT1G33240/AT3G27690/AT4G34220/AT1G09340/AT1G68010/AT1G32080/AT2G05070/AT2G05100
GO:0006094	gluconeogenesis	24	-0.8093427404745686	-1.6381555463638275	0.00240680259470998	0.04681912217256584	0.041850162297290716	1463	tags=42%, list=7%, signal=39%	AT1G43670/AT4G24620/AT3G12780/AT1G56190/AT1G13440/AT4G26530/AT3G55800/AT4G38970/AT3G54050/AT2G21330
GO:0032922	circadian regulation of gene expression	13	-0.9049203685409293	-1.6428339046676699	0.0025053719419225436	0.04828109293686248	0.04315697265426831	216	tags=46%, list=1%, signal=46%	AT4G08920/AT1G19450/AT5G24930/AT5G64170/AT3G09600/AT3G54500
GO:0045834	positive regulation of lipid metabolic process	31	-0.799827824886714	-1.6836899963800471	0.0025833051615068315	0.04932199299099154	0.04408740095320139	930	tags=16%, list=5%, signal=15%	AT4G31390/AT5G47110/AT4G17600/AT5G61670/AT3G22231
